TweetID,sentiment
169760,1.0
35326,0.0
224985,1.0
476263,0.0
872928,1.0
75639,0.0
211536,0.0
569434,1.0
315368,2.0
591733,1.0
91983,0.0
67249,1.0
143459,1.0
663535,1.0
20476,2.0
815297,1.0
274098,2.0
30045,2.0
681487,1.0
708966,0.0
393689,1.0
186705,2.0
233977,1.0
525794,0.0
863649,2.0
315964,1.0
588985,1.0
669979,0.0
137059,-1.0
556915,1.0
951973,1.0
72939,2.0
205796,1.0
478581,2.0
453375,1.0
555551,0.0
219030,1.0
546209,1.0
416919,1.0
433824,0.0
621526,2.0
616108,1.0
70943,1.0
153248,2.0
854719,2.0
616444,1.0
118418,1.0
846132,1.0
443106,1.0
758958,1.0
376412,1.0
667731,1.0
222107,1.0
349545,2.0
284026,2.0
564727,1.0
522979,1.0
460970,1.0
371750,1.0
251299,1.0
485211,1.0
502976,1.0
623282,1.0
217605,1.0
225330,1.0
58854,1.0
723671,2.0
366409,2.0
704565,1.0
655925,2.0
717618,0.0
922449,1.0
729885,0.0
599133,2.0
89885,0.0
249039,1.0
440750,2.0
18663,1.0
314549,1.0
643414,1.0
61835,1.0
659073,1.0
178597,1.0
152298,1.0
581943,2.0
781913,0.0
336886,1.0
624852,1.0
655116,1.0
5591,1.0
731620,1.0
872882,2.0
320393,2.0
353463,2.0
816508,1.0
636325,1.0
53058,2.0
725589,0.0
693559,1.0
66255,1.0
218797,2.0
307092,2.0
188557,2.0
137392,1.0
597086,0.0
96006,0.0
330509,1.0
78639,1.0
536231,2.0
304814,1.0
553696,2.0
455898,2.0
745466,0.0
846719,1.0
722710,0.0
989172,1.0
492079,2.0
315869,1.0
32675,1.0
959684,1.0
641938,2.0
933443,2.0
458401,1.0
554994,2.0
461467,2.0
902353,0.0
178794,0.0
387356,0.0
380276,0.0
824355,0.0
685606,1.0
85488,1.0
50608,1.0
447977,1.0
943930,1.0
183083,1.0
359626,1.0
810128,-1.0
380913,1.0
516209,1.0
993538,2.0
594772,1.0
22428,1.0
991876,1.0
504172,2.0
283272,1.0
914599,2.0
752129,1.0
701957,1.0
858489,1.0
221704,1.0
409406,0.0
468372,1.0
818509,2.0
204729,0.0
394896,2.0
397593,1.0
465474,2.0
450344,2.0
502719,2.0
816499,1.0
291002,1.0
301225,2.0
402773,1.0
81233,1.0
642569,1.0
900041,1.0
67900,-1.0
237131,-1.0
311030,1.0
975455,1.0
69232,1.0
156024,2.0
268543,-1.0
586693,0.0
709157,1.0
582003,1.0
689136,1.0
953619,1.0
971710,0.0
809619,1.0
595597,1.0
274499,0.0
771063,1.0
597739,2.0
110053,2.0
723442,2.0
881554,2.0
704923,1.0
822018,1.0
505322,1.0
120776,1.0
404757,1.0
811053,2.0
317696,1.0
734766,0.0
841196,1.0
400682,2.0
649511,1.0
740566,-1.0
798359,1.0
861578,-1.0
5417,1.0
609894,1.0
174874,2.0
227482,1.0
316886,1.0
112798,-1.0
44507,1.0
444423,2.0
878768,1.0
951095,1.0
970445,1.0
208227,-1.0
545402,1.0
498559,1.0
454769,1.0
490905,1.0
343981,1.0
891649,1.0
794296,2.0
669149,1.0
104997,1.0
54711,-1.0
756770,0.0
632633,2.0
882503,2.0
604089,1.0
37591,1.0
304290,1.0
167356,1.0
398680,2.0
268980,2.0
485450,1.0
246743,1.0
83632,0.0
804653,1.0
614272,1.0
699619,1.0
128361,1.0
617614,1.0
756863,1.0
550624,1.0
971913,2.0
597102,2.0
468901,1.0
512603,2.0
869,1.0
135515,1.0
471002,0.0
76054,2.0
835455,1.0
593722,1.0
209903,1.0
311687,1.0
38624,2.0
140169,0.0
50739,2.0
134179,2.0
368885,1.0
955073,1.0
642519,0.0
849811,1.0
377434,1.0
61946,-1.0
128149,1.0
545779,1.0
145812,2.0
839220,1.0
23630,1.0
631635,1.0
659284,1.0
636800,1.0
246233,1.0
224961,1.0
227170,1.0
24500,-1.0
444613,2.0
173797,1.0
183700,0.0
305251,1.0
487336,0.0
521403,1.0
741971,1.0
171732,1.0
354162,0.0
572875,1.0
337961,1.0
39327,1.0
666488,0.0
686787,1.0
248289,2.0
644357,2.0
106812,2.0
492300,1.0
929522,1.0
827492,0.0
92888,1.0
748860,1.0
544547,1.0
970736,1.0
805808,0.0
320551,2.0
210944,1.0
109631,1.0
251292,1.0
170364,0.0
948426,2.0
780776,1.0
693604,2.0
799998,1.0
373943,1.0
593149,0.0
264289,2.0
479344,1.0
820909,1.0
492817,2.0
831733,0.0
405413,1.0
685176,1.0
982870,2.0
92655,1.0
929710,2.0
365298,1.0
597644,1.0
908494,2.0
532450,1.0
431470,2.0
261786,1.0
126953,0.0
157454,1.0
911863,2.0
968491,1.0
341684,2.0
868000,1.0
937870,-1.0
196243,1.0
749947,2.0
10201,1.0
861465,1.0
418775,1.0
561942,1.0
61831,2.0
224428,1.0
470738,0.0
694377,1.0
557591,1.0
504856,1.0
988980,1.0
811937,0.0
78955,2.0
166783,1.0
2520,1.0
268418,1.0
911873,2.0
380946,1.0
841067,1.0
760341,2.0
872864,1.0
833511,2.0
795400,0.0
947288,1.0
97754,1.0
848402,1.0
77036,-1.0
280663,2.0
654324,2.0
105628,1.0
227665,2.0
169839,2.0
334216,2.0
502105,1.0
174279,1.0
193681,1.0
457324,1.0
562231,1.0
254480,1.0
432635,1.0
916814,1.0
217862,1.0
454694,0.0
512554,1.0
249736,1.0
979904,1.0
841942,1.0
141852,0.0
279014,1.0
511552,2.0
502057,1.0
822243,2.0
586976,1.0
870627,1.0
809260,2.0
258979,1.0
342572,1.0
833715,0.0
63205,1.0
327,1.0
286773,1.0
831328,2.0
265516,2.0
988076,1.0
92963,1.0
813089,1.0
372840,1.0
460869,1.0
700900,-1.0
54421,0.0
83811,1.0
932229,1.0
14731,1.0
416245,2.0
91717,2.0
37782,1.0
168950,1.0
791767,2.0
612474,1.0
863569,-1.0
833620,1.0
831050,1.0
327186,2.0
70954,2.0
744906,1.0
410805,1.0
321290,0.0
560166,0.0
199999,-1.0
520958,1.0
486093,1.0
433768,1.0
170942,1.0
97769,0.0
574580,-1.0
427983,1.0
536786,1.0
64572,1.0
932658,2.0
875904,2.0
388184,-1.0
448406,0.0
280094,1.0
196585,1.0
297123,2.0
583405,1.0
749358,1.0
8540,1.0
92130,1.0
682459,1.0
493774,1.0
81514,1.0
937131,2.0
683822,0.0
181932,2.0
185061,2.0
718905,1.0
467768,1.0
50360,1.0
37282,0.0
324725,1.0
587613,1.0
759085,1.0
995304,1.0
62430,2.0
959472,1.0
134816,2.0
443799,1.0
84144,0.0
626595,-1.0
382192,1.0
249680,2.0
209100,1.0
505060,1.0
510212,1.0
454150,1.0
900706,1.0
355447,0.0
415557,2.0
431394,1.0
796461,1.0
551013,0.0
71926,2.0
260753,1.0
883406,0.0
973790,0.0
673020,2.0
573493,0.0
850799,1.0
596499,1.0
430720,2.0
970612,0.0
645141,1.0
122672,1.0
572212,1.0
590281,1.0
185082,1.0
643999,1.0
276142,1.0
522428,2.0
242869,1.0
859835,0.0
179238,1.0
830861,1.0
659715,1.0
742214,2.0
44768,1.0
156753,1.0
689726,1.0
659825,0.0
805236,1.0
484743,2.0
843791,2.0
401342,2.0
268165,1.0
450971,1.0
969588,1.0
493909,2.0
775367,0.0
102955,-1.0
356595,-1.0
860992,1.0
478186,1.0
235851,1.0
859554,0.0
383555,2.0
568803,1.0
522415,1.0
493050,1.0
568528,1.0
371027,0.0
554560,1.0
969599,1.0
70097,2.0
898167,1.0
483103,1.0
773089,-1.0
436540,1.0
214657,1.0
824653,2.0
132616,1.0
962166,1.0
357327,1.0
183595,1.0
338190,1.0
821753,0.0
782634,1.0
355771,0.0
102889,2.0
335544,1.0
417438,0.0
99418,-1.0
774033,1.0
151834,1.0
573075,2.0
675187,1.0
488287,2.0
317596,1.0
848773,1.0
177318,2.0
743728,1.0
166017,1.0
668192,0.0
242646,1.0
572824,0.0
516374,1.0
569974,1.0
368987,-1.0
35989,2.0
439267,-1.0
425036,0.0
978741,2.0
161511,1.0
158819,1.0
225262,0.0
398562,2.0
940439,1.0
657384,1.0
348631,1.0
950221,0.0
390207,1.0
633050,1.0
45603,2.0
892219,1.0
763551,2.0
219247,1.0
78219,2.0
106376,1.0
664990,0.0
61204,1.0
444521,2.0
162744,2.0
10394,0.0
107336,1.0
400960,-1.0
157258,0.0
762553,1.0
398197,1.0
513701,1.0
450710,2.0
192494,2.0
376697,1.0
466375,0.0
600809,1.0
337306,1.0
597597,0.0
282282,0.0
619747,1.0
848426,1.0
468720,1.0
954154,2.0
544640,0.0
192358,1.0
768797,0.0
817583,1.0
864589,2.0
104220,0.0
725297,2.0
973859,0.0
942269,1.0
145192,2.0
965827,1.0
861437,0.0
296887,1.0
817495,1.0
273994,0.0
799474,2.0
177872,1.0
532392,2.0
770417,0.0
706812,1.0
193396,1.0
863034,1.0
967152,2.0
948038,1.0
608126,0.0
412897,2.0
970466,0.0
604868,-1.0
94532,2.0
820173,0.0
833762,1.0
604371,1.0
961064,0.0
419528,0.0
79982,1.0
564369,0.0
489017,1.0
887262,0.0
402712,1.0
963864,2.0
854765,2.0
331759,1.0
26332,1.0
238943,1.0
431614,1.0
329434,1.0
680680,1.0
39578,2.0
670432,2.0
371166,2.0
686203,1.0
118985,1.0
263823,1.0
275604,2.0
390449,2.0
553573,-1.0
159171,2.0
172630,2.0
867879,1.0
555667,1.0
107607,1.0
671813,2.0
29467,0.0
424298,1.0
247885,2.0
66440,0.0
794065,1.0
383354,1.0
73974,-1.0
597362,1.0
873587,0.0
755011,2.0
736998,1.0
117248,1.0
692018,2.0
813376,1.0
834684,1.0
546314,0.0
876985,1.0
207998,0.0
110340,1.0
715656,1.0
88611,1.0
716533,0.0
269830,-1.0
661339,1.0
96822,1.0
101833,1.0
548873,2.0
432375,2.0
963943,1.0
105738,0.0
814952,1.0
933283,1.0
476266,0.0
713154,2.0
729178,2.0
739461,2.0
46459,1.0
564711,1.0
9295,2.0
89381,2.0
997108,2.0
434160,1.0
632113,2.0
349480,2.0
981685,1.0
891296,1.0
795819,1.0
22856,1.0
176472,1.0
760306,1.0
364909,1.0
593804,1.0
307467,1.0
610642,1.0
129662,2.0
569359,-1.0
561862,1.0
423167,1.0
840583,1.0
683275,1.0
190548,2.0
958471,1.0
740052,1.0
631040,2.0
976028,1.0
990527,1.0
58802,2.0
406698,0.0
166458,1.0
758638,2.0
864544,1.0
937863,2.0
839640,2.0
43118,1.0
554437,1.0
24114,1.0
594987,-1.0
2994,2.0
983985,1.0
738824,-1.0
578675,0.0
246789,1.0
459925,2.0
723464,1.0
939557,0.0
962770,2.0
432283,0.0
295172,1.0
354011,0.0
917171,2.0
368282,0.0
799357,1.0
218943,1.0
354686,1.0
180377,1.0
979574,1.0
457365,2.0
855074,0.0
527673,1.0
785117,2.0
973760,2.0
928581,0.0
56229,1.0
489025,2.0
43190,1.0
563462,1.0
972585,1.0
593576,1.0
327139,-1.0
615819,2.0
538945,1.0
967095,1.0
993681,2.0
568295,0.0
969003,1.0
644408,1.0
956047,1.0
525657,0.0
56665,0.0
617655,0.0
838447,2.0
931195,-1.0
577981,1.0
870874,1.0
480174,2.0
695290,2.0
645362,1.0
475332,1.0
78586,0.0
792010,1.0
600177,1.0
579760,1.0
733217,2.0
130633,2.0
246139,1.0
83570,1.0
233932,1.0
65704,-1.0
720328,2.0
182815,2.0
992508,1.0
582996,1.0
712952,0.0
217793,1.0
960416,0.0
387077,1.0
62147,1.0
158157,1.0
16196,1.0
211659,1.0
368185,2.0
681044,1.0
368951,1.0
200078,2.0
947641,2.0
591630,2.0
60500,1.0
257401,2.0
478713,1.0
735450,0.0
633125,2.0
610055,-1.0
632978,2.0
365076,1.0
875539,2.0
758419,1.0
709088,0.0
768261,1.0
209509,2.0
127305,2.0
121053,1.0
19558,1.0
801712,0.0
837454,1.0
541857,-1.0
11629,2.0
10359,2.0
66175,1.0
23284,0.0
211731,1.0
32828,1.0
300306,1.0
798465,1.0
429350,1.0
96211,1.0
287991,-1.0
580986,1.0
782530,1.0
446353,0.0
404665,1.0
971456,2.0
503290,1.0
675704,1.0
225076,1.0
593471,2.0
481167,0.0
161297,0.0
270003,1.0
411180,1.0
271499,1.0
672109,1.0
602150,0.0
575468,1.0
181408,1.0
161726,2.0
977902,1.0
788232,1.0
725006,0.0
722658,1.0
600224,1.0
793349,1.0
451620,1.0
424135,1.0
88627,1.0
806009,0.0
192064,2.0
685562,1.0
284646,2.0
715307,1.0
883501,1.0
842439,1.0
33587,-1.0
730304,-1.0
87268,1.0
494947,2.0
557924,1.0
351002,2.0
361958,1.0
624214,2.0
513910,1.0
506543,1.0
778056,2.0
357156,2.0
370081,1.0
880261,1.0
509403,1.0
580774,1.0
837095,1.0
560337,2.0
132783,2.0
304998,2.0
819879,1.0
849455,0.0
346200,1.0
625746,1.0
677462,-1.0
107732,0.0
277516,1.0
119700,2.0
219147,1.0
773453,1.0
813113,1.0
121431,1.0
258442,1.0
15784,2.0
491379,1.0
767093,0.0
508244,-1.0
711697,1.0
78517,1.0
592053,2.0
723025,1.0
310230,1.0
751878,2.0
617843,1.0
265859,0.0
410288,1.0
708448,0.0
254072,0.0
791956,0.0
515974,1.0
972791,2.0
330960,0.0
126876,1.0
316154,0.0
179087,1.0
586916,1.0
70846,1.0
752225,1.0
404604,0.0
836527,-1.0
678059,1.0
333311,1.0
74980,1.0
477908,2.0
506657,2.0
980875,2.0
805679,1.0
193548,1.0
818493,0.0
625918,1.0
215713,1.0
126166,1.0
709380,2.0
570628,2.0
898663,2.0
103967,1.0
934788,1.0
327499,1.0
953095,1.0
592527,-1.0
488806,-1.0
531595,2.0
899135,2.0
661210,1.0
311285,1.0
956537,-1.0
536614,2.0
518252,2.0
101697,-1.0
136250,1.0
571656,1.0
614530,1.0
506382,1.0
990558,2.0
414640,2.0
757228,1.0
741160,1.0
80801,2.0
14077,1.0
44115,0.0
782491,0.0
141116,0.0
758470,1.0
111565,1.0
108937,1.0
333960,0.0
495632,1.0
855633,1.0
387274,0.0
944823,2.0
676644,1.0
674904,2.0
706197,1.0
751823,2.0
534701,1.0
776680,1.0
856934,1.0
838992,2.0
73072,2.0
592976,2.0
120301,-1.0
477557,1.0
331101,1.0
587789,1.0
106773,1.0
714124,1.0
772086,1.0
656418,1.0
372287,1.0
481477,1.0
938734,1.0
922926,1.0
339447,1.0
325978,1.0
42066,1.0
382638,0.0
16052,0.0
450371,1.0
450653,1.0
299753,1.0
643564,2.0
975417,1.0
890333,1.0
759258,1.0
82004,-1.0
187640,1.0
790339,1.0
760264,1.0
34404,1.0
387284,1.0
111495,1.0
263613,2.0
811478,1.0
615025,1.0
709431,0.0
815398,1.0
429819,1.0
55201,1.0
918786,0.0
505250,1.0
811168,1.0
616510,1.0
810332,1.0
778191,1.0
644140,0.0
614087,1.0
350693,1.0
224411,1.0
187760,1.0
673695,1.0
624957,1.0
682615,0.0
674916,2.0
404402,0.0
53072,0.0
48112,2.0
785837,0.0
184816,1.0
230210,0.0
915999,2.0
376465,2.0
194186,1.0
106745,1.0
992715,1.0
274295,-1.0
841614,1.0
855159,1.0
369248,2.0
400854,1.0
232119,-1.0
770087,1.0
61801,1.0
582837,1.0
696188,1.0
710747,1.0
943396,2.0
943553,1.0
957958,1.0
170910,1.0
680524,1.0
565587,2.0
749902,0.0
748072,1.0
937512,1.0
130999,1.0
342929,1.0
406526,1.0
281624,1.0
111021,2.0
898463,1.0
920547,1.0
300268,2.0
6377,1.0
150851,1.0
836682,1.0
975094,1.0
303263,1.0
469044,1.0
826563,2.0
879918,0.0
803773,1.0
535044,0.0
129239,1.0
123544,1.0
955118,1.0
763466,1.0
302824,1.0
970253,0.0
536636,2.0
225644,2.0
901410,2.0
976357,1.0
276425,1.0
698782,1.0
476182,0.0
560795,1.0
734099,0.0
874279,1.0
528799,-1.0
844516,1.0
42001,1.0
729333,1.0
910929,1.0
436637,2.0
539943,1.0
158515,2.0
913083,1.0
196246,2.0
312900,1.0
247152,2.0
621919,1.0
72893,2.0
989727,1.0
828411,1.0
231642,0.0
294532,2.0
322655,1.0
238643,1.0
226893,1.0
22945,-1.0
667052,0.0
330901,0.0
893735,1.0
844155,2.0
598545,1.0
792602,1.0
81394,1.0
79720,0.0
450891,1.0
689110,0.0
603282,1.0
151774,2.0
427833,2.0
514030,1.0
450842,1.0
663940,1.0
289537,1.0
93580,1.0
999485,1.0
16012,1.0
602434,1.0
128526,1.0
567878,1.0
311040,2.0
397558,0.0
659249,1.0
732039,1.0
257083,1.0
653366,1.0
764741,1.0
240417,2.0
941193,1.0
249928,1.0
355194,2.0
466127,2.0
986184,2.0
194736,0.0
193995,0.0
630191,1.0
467505,1.0
385475,2.0
537515,1.0
689188,1.0
629787,1.0
125791,1.0
873126,1.0
634159,0.0
5824,0.0
626130,-1.0
710596,1.0
739055,2.0
584269,2.0
930286,-1.0
803604,2.0
902313,2.0
365571,1.0
418391,2.0
260874,1.0
53754,2.0
406691,2.0
958946,-1.0
135258,-1.0
349414,0.0
988959,1.0
954431,0.0
985836,1.0
698510,1.0
509363,1.0
625498,1.0
896827,1.0
393734,1.0
326465,1.0
856169,2.0
404748,1.0
330862,1.0
455496,1.0
571982,1.0
298506,2.0
98423,2.0
660483,1.0
219919,0.0
967026,1.0
640859,2.0
574291,0.0
673739,2.0
490703,1.0
811513,1.0
357267,1.0
366205,2.0
47116,0.0
41555,1.0
666135,1.0
997640,1.0
381416,1.0
168327,1.0
492253,1.0
422735,1.0
667117,2.0
202823,2.0
10908,1.0
366599,1.0
394665,1.0
734589,1.0
210821,1.0
191243,0.0
435686,0.0
7931,1.0
331666,0.0
998608,0.0
598170,1.0
981822,2.0
349039,2.0
131708,0.0
440962,1.0
719287,1.0
866736,1.0
793383,1.0
486705,2.0
206701,1.0
812095,1.0
813429,2.0
300273,0.0
246003,1.0
357693,2.0
127689,1.0
554542,1.0
713892,1.0
855661,0.0
413022,2.0
204680,1.0
865502,1.0
70808,0.0
542694,1.0
521642,-1.0
90760,0.0
599952,1.0
116224,-1.0
781730,0.0
222272,1.0
520111,0.0
470642,1.0
241795,2.0
585620,1.0
969978,1.0
800466,2.0
665096,0.0
59084,-1.0
813349,1.0
312981,2.0
965523,1.0
921337,1.0
791417,2.0
472174,1.0
514550,1.0
418510,2.0
344814,1.0
555242,0.0
603943,2.0
996818,1.0
518736,0.0
194144,0.0
548422,1.0
781735,2.0
90786,1.0
3051,1.0
402995,1.0
224269,1.0
891634,2.0
661409,2.0
776823,-1.0
773037,1.0
716592,-1.0
709740,1.0
230435,1.0
105775,1.0
277235,1.0
323839,1.0
485009,0.0
991522,2.0
421384,1.0
407930,1.0
499185,1.0
634042,-1.0
281534,1.0
29564,1.0
777475,1.0
73475,1.0
924278,2.0
945887,2.0
133825,1.0
750622,2.0
340947,1.0
477970,1.0
841038,1.0
331429,1.0
861934,1.0
117689,0.0
231985,0.0
452498,1.0
147151,2.0
402278,1.0
515529,-1.0
816064,2.0
320416,0.0
674363,1.0
45153,1.0
294203,1.0
69149,1.0
892557,1.0
714218,1.0
374533,2.0
799765,1.0
406896,1.0
493645,1.0
77622,2.0
351139,1.0
598383,1.0
437099,1.0
811260,1.0
289021,1.0
411748,1.0
834122,1.0
531633,0.0
138830,0.0
855031,1.0
621398,1.0
591179,1.0
665535,1.0
625048,0.0
395927,-1.0
819363,1.0
226513,1.0
230277,-1.0
217668,0.0
646356,1.0
585846,1.0
320140,2.0
7769,1.0
128883,2.0
930716,2.0
52091,1.0
865029,2.0
678269,1.0
646896,2.0
151820,1.0
126071,0.0
390635,1.0
846830,1.0
903429,1.0
552575,1.0
51238,2.0
398685,1.0
442076,1.0
245264,-1.0
1847,1.0
800950,2.0
236737,1.0
371083,1.0
288557,-1.0
645411,1.0
582358,1.0
105065,1.0
105707,1.0
487304,2.0
966654,1.0
367823,0.0
649275,2.0
29185,1.0
172119,1.0
685650,2.0
173254,2.0
287735,0.0
97811,1.0
838235,1.0
254835,2.0
318905,1.0
259043,1.0
381017,1.0
649757,2.0
529954,0.0
663529,2.0
423720,1.0
22777,0.0
766694,1.0
166583,1.0
282634,1.0
353764,1.0
461317,2.0
31680,1.0
998009,1.0
491318,2.0
970330,0.0
476860,2.0
415960,0.0
937064,0.0
935085,2.0
863837,0.0
166987,1.0
65621,1.0
486600,0.0
389265,1.0
151202,1.0
906908,1.0
98725,1.0
741135,-1.0
184479,1.0
364623,2.0
289083,1.0
101465,2.0
877671,2.0
414975,-1.0
819137,1.0
162715,1.0
889367,0.0
682050,1.0
468148,1.0
276721,1.0
809015,1.0
82904,1.0
629958,0.0
282539,1.0
576641,1.0
721032,1.0
985863,1.0
351847,0.0
102182,1.0
432256,1.0
810959,1.0
339263,2.0
426325,-1.0
634147,1.0
43694,-1.0
693219,1.0
840612,1.0
292313,1.0
459823,2.0
458700,1.0
886294,2.0
72399,1.0
838493,2.0
239467,2.0
966716,1.0
88590,1.0
270660,1.0
612857,-1.0
481502,0.0
953534,1.0
399293,1.0
325715,1.0
412226,1.0
817566,2.0
610516,2.0
921902,1.0
279576,1.0
164195,1.0
233989,1.0
650411,1.0
531313,0.0
4333,1.0
643985,1.0
556079,2.0
362728,1.0
619584,2.0
498930,0.0
711047,2.0
280183,2.0
710884,2.0
669728,2.0
873903,2.0
133051,1.0
580652,2.0
122184,1.0
297918,1.0
443350,1.0
942345,1.0
487311,2.0
624290,0.0
462841,1.0
682584,1.0
86801,1.0
614098,0.0
71036,1.0
603798,-1.0
539219,2.0
571734,2.0
891254,0.0
16967,0.0
366465,0.0
468888,1.0
755956,1.0
854237,0.0
929586,1.0
972465,2.0
47414,2.0
237511,0.0
473045,1.0
719760,1.0
3380,0.0
915945,0.0
746072,1.0
793658,1.0
718346,0.0
991582,1.0
186975,1.0
544544,2.0
598757,2.0
352182,0.0
799769,1.0
285144,1.0
406272,1.0
92988,1.0
36673,1.0
558989,1.0
261633,2.0
239960,1.0
938879,1.0
638143,-1.0
162574,0.0
78388,1.0
966667,2.0
865944,1.0
972181,1.0
946851,1.0
214800,0.0
728032,2.0
600651,-1.0
728584,1.0
706681,1.0
589739,2.0
450581,2.0
47561,1.0
401905,1.0
800981,-1.0
589183,1.0
222534,1.0
357670,1.0
923142,1.0
497636,1.0
443455,0.0
730705,2.0
830855,1.0
255556,1.0
961712,0.0
589379,1.0
956735,-1.0
216207,-1.0
650019,2.0
606200,2.0
753836,1.0
847322,1.0
273226,1.0
83629,-1.0
226734,1.0
788872,1.0
870974,2.0
591870,2.0
568912,1.0
789519,1.0
731488,1.0
244090,1.0
735125,1.0
764484,1.0
646717,1.0
31157,0.0
152232,2.0
414280,1.0
587546,2.0
821756,2.0
373215,1.0
826764,0.0
733307,1.0
596788,1.0
57392,2.0
761256,1.0
586312,0.0
93389,0.0
93917,1.0
73551,2.0
165581,2.0
156791,2.0
823794,2.0
63392,1.0
182207,1.0
829750,2.0
101290,1.0
639078,1.0
960964,1.0
884242,2.0
333194,1.0
180605,1.0
724302,1.0
464585,2.0
857134,1.0
289751,2.0
746574,1.0
5343,1.0
477522,0.0
446879,1.0
546541,1.0
732463,1.0
380608,2.0
336640,1.0
52477,-1.0
194507,2.0
538733,1.0
622382,2.0
758067,2.0
969245,0.0
6204,2.0
360927,0.0
733862,2.0
254831,1.0
312789,2.0
683632,1.0
698155,1.0
581241,2.0
685887,1.0
495618,1.0
98564,-1.0
422534,1.0
378882,1.0
175872,1.0
135908,0.0
840249,1.0
37433,2.0
231996,1.0
573211,2.0
703385,1.0
11101,2.0
819890,1.0
572492,1.0
120502,1.0
146930,0.0
913546,1.0
808868,1.0
383788,1.0
629338,0.0
429250,1.0
327253,1.0
233323,2.0
754966,1.0
5107,1.0
285700,1.0
997597,1.0
605325,1.0
181468,1.0
921776,2.0
131890,1.0
727491,1.0
407368,1.0
720318,2.0
521215,1.0
699505,1.0
260605,1.0
4496,1.0
162556,1.0
283270,2.0
631070,2.0
343853,1.0
195609,0.0
729294,2.0
342029,1.0
31305,1.0
974349,1.0
827385,1.0
110637,2.0
330981,2.0
716213,1.0
673772,1.0
533976,1.0
467243,2.0
671317,1.0
232183,1.0
489015,1.0
356158,1.0
988748,1.0
240002,1.0
873392,1.0
345670,0.0
356761,-1.0
530584,2.0
177001,1.0
525148,1.0
347083,1.0
784269,1.0
420686,0.0
918830,2.0
550616,1.0
696228,1.0
861731,1.0
677852,1.0
591361,2.0
962050,-1.0
76649,-1.0
832328,1.0
239449,1.0
467995,1.0
467450,1.0
127162,1.0
477381,1.0
58715,0.0
701473,0.0
893061,-1.0
335217,1.0
909071,1.0
471885,0.0
164325,1.0
875446,2.0
366749,1.0
625267,1.0
805316,1.0
779520,1.0
967449,1.0
39093,2.0
306078,2.0
983065,1.0
106475,1.0
380508,1.0
236562,0.0
589848,1.0
741895,0.0
204042,2.0
238985,1.0
468940,1.0
467571,1.0
86934,-1.0
650045,1.0
334396,1.0
308397,1.0
435631,1.0
206312,2.0
565453,1.0
250852,2.0
511144,1.0
985030,1.0
5045,0.0
962371,1.0
179695,1.0
571674,2.0
708517,0.0
949891,2.0
451267,1.0
463572,2.0
527910,2.0
446310,2.0
105414,1.0
18138,2.0
653784,1.0
331838,2.0
650762,0.0
826394,1.0
164947,1.0
871573,1.0
737732,2.0
78892,2.0
950200,1.0
484870,1.0
382863,-1.0
155451,1.0
361880,1.0
625561,1.0
675442,1.0
113514,1.0
19397,1.0
718093,1.0
428411,1.0
908602,2.0
595852,1.0
866548,2.0
516734,1.0
203690,1.0
457889,2.0
42699,0.0
564817,2.0
519244,2.0
634222,2.0
851947,0.0
925224,1.0
776585,-1.0
603969,-1.0
848121,1.0
745737,1.0
706675,1.0
891427,-1.0
311901,2.0
190297,0.0
782363,1.0
44291,1.0
370428,-1.0
899174,2.0
144125,0.0
422237,2.0
554582,1.0
242199,1.0
232219,1.0
224076,1.0
945898,1.0
564911,0.0
343688,2.0
371908,0.0
627574,2.0
180485,0.0
249763,1.0
651375,1.0
660951,2.0
657758,1.0
237867,1.0
782819,1.0
791928,1.0
294609,1.0
850390,0.0
396547,1.0
142830,1.0
250983,2.0
443938,1.0
831490,2.0
418267,1.0
860398,1.0
763872,1.0
574726,1.0
142336,1.0
213055,-1.0
455829,1.0
656699,2.0
171902,1.0
350128,1.0
714025,1.0
17420,1.0
44772,-1.0
643168,2.0
704610,1.0
820523,2.0
37607,0.0
680087,1.0
509948,2.0
938423,2.0
476346,1.0
617648,1.0
659939,1.0
510346,2.0
106516,1.0
187412,1.0
530662,0.0
969059,1.0
233113,2.0
881485,0.0
396578,1.0
722776,1.0
69263,2.0
783056,-1.0
29053,2.0
45878,1.0
845042,1.0
78628,0.0
899274,0.0
485857,1.0
914284,1.0
590949,2.0
286808,2.0
449133,0.0
145375,1.0
769261,1.0
769524,1.0
968896,1.0
313839,1.0
775822,1.0
293312,1.0
495182,1.0
896063,2.0
2325,1.0
795486,1.0
135329,1.0
885345,1.0
703319,1.0
595781,1.0
243128,1.0
589175,1.0
473007,1.0
145261,2.0
942956,2.0
524966,1.0
713766,2.0
440834,2.0
94839,2.0
730063,-1.0
120270,1.0
73612,1.0
432813,1.0
317254,1.0
149855,1.0
588233,2.0
860852,2.0
762132,1.0
694699,1.0
357323,1.0
617071,1.0
909332,1.0
460019,1.0
175290,2.0
845224,1.0
77234,2.0
337929,-1.0
846396,2.0
515567,1.0
365305,1.0
410068,2.0
123198,1.0
287376,1.0
799250,0.0
744900,1.0
505135,2.0
380314,1.0
272452,-1.0
164506,1.0
825234,1.0
959388,2.0
502275,0.0
663775,0.0
515364,1.0
29777,1.0
857998,2.0
930993,-1.0
225367,1.0
299046,1.0
54060,1.0
153537,1.0
77959,2.0
238755,1.0
913486,1.0
14443,1.0
604691,0.0
56693,1.0
397430,2.0
292158,2.0
263045,1.0
686702,2.0
111969,2.0
575864,1.0
592714,-1.0
788130,2.0
283215,1.0
463455,1.0
84395,2.0
111750,2.0
930512,1.0
582792,1.0
172215,1.0
856082,2.0
788739,0.0
509947,2.0
407486,1.0
93916,1.0
49777,2.0
794018,0.0
448173,1.0
461282,1.0
44346,1.0
505510,2.0
782839,0.0
104045,1.0
568580,2.0
758553,1.0
53400,1.0
441214,1.0
953386,1.0
143711,1.0
120075,1.0
215972,1.0
439116,2.0
186431,1.0
593449,1.0
607278,-1.0
582945,1.0
922510,1.0
767792,1.0
795952,1.0
944860,2.0
444063,2.0
865922,2.0
752668,1.0
977914,0.0
252208,1.0
772954,1.0
254837,2.0
237616,1.0
371131,1.0
343754,-1.0
449316,1.0
185570,1.0
47008,0.0
19133,1.0
375376,1.0
578099,1.0
763558,0.0
162367,2.0
690491,2.0
698617,1.0
620254,1.0
217118,2.0
232363,2.0
816170,1.0
449825,1.0
672636,1.0
179091,1.0
231038,1.0
291804,1.0
710495,1.0
553086,1.0
323962,1.0
581600,1.0
704427,1.0
438734,1.0
209379,1.0
415615,2.0
284806,1.0
310499,-1.0
346116,2.0
771257,0.0
129670,2.0
532461,2.0
847765,2.0
541807,2.0
151102,1.0
301061,0.0
920481,1.0
223008,0.0
804457,1.0
577544,1.0
724299,1.0
615253,0.0
414925,0.0
905949,1.0
633508,2.0
270235,2.0
560973,1.0
337725,1.0
307063,1.0
248899,1.0
693471,1.0
32083,1.0
581827,1.0
447640,2.0
862171,1.0
263238,1.0
177423,-1.0
556777,2.0
814230,1.0
34166,1.0
355856,1.0
961882,-1.0
762704,2.0
602494,1.0
34702,2.0
715552,1.0
355679,1.0
854686,1.0
171389,1.0
820375,1.0
752605,1.0
923279,2.0
150302,1.0
444048,2.0
772347,1.0
707363,2.0
43036,2.0
31741,1.0
902354,1.0
732442,2.0
691266,-1.0
115042,1.0
522188,1.0
815935,1.0
621337,1.0
933944,2.0
545889,1.0
639168,1.0
655821,2.0
217577,-1.0
988338,2.0
310934,-1.0
384173,2.0
850427,0.0
614699,1.0
146362,1.0
58112,2.0
466658,1.0
798525,2.0
569963,2.0
434900,1.0
51794,1.0
373733,2.0
78426,1.0
591624,2.0
376278,1.0
881145,1.0
423932,1.0
154517,2.0
809256,2.0
592760,1.0
326267,2.0
557614,1.0
657699,1.0
792471,0.0
687325,2.0
184414,1.0
160393,1.0
846792,-1.0
615738,1.0
988164,1.0
487047,1.0
469101,1.0
804088,1.0
981726,1.0
661325,1.0
395935,1.0
404054,1.0
336290,1.0
458596,1.0
721106,1.0
837210,1.0
370613,1.0
123115,1.0
306643,1.0
666144,1.0
108718,1.0
319332,2.0
579193,0.0
358166,1.0
141738,1.0
260609,1.0
581967,1.0
132595,-1.0
488092,1.0
392202,-1.0
315476,2.0
205530,1.0
659291,1.0
436218,2.0
90685,1.0
142415,1.0
24934,1.0
409382,1.0
920431,1.0
796763,-1.0
845251,2.0
388243,2.0
604797,1.0
152641,2.0
248936,1.0
938144,-1.0
424611,1.0
329124,1.0
665784,0.0
640825,1.0
163428,1.0
556966,1.0
462236,1.0
940585,1.0
836959,1.0
203375,1.0
254557,1.0
980954,1.0
24797,2.0
281199,1.0
574766,1.0
887404,2.0
291525,1.0
649648,1.0
753473,2.0
305074,1.0
328063,1.0
567452,-1.0
195871,0.0
540520,1.0
875626,0.0
672918,0.0
17142,2.0
644643,2.0
558196,1.0
718420,1.0
941514,1.0
142228,1.0
114046,2.0
201727,2.0
432369,1.0
387738,2.0
199691,1.0
180304,2.0
673181,1.0
146042,1.0
558321,1.0
486158,1.0
656852,1.0
746973,1.0
443873,1.0
946854,0.0
206666,-1.0
329798,1.0
494754,1.0
964787,2.0
992585,2.0
626550,1.0
338140,2.0
86710,1.0
880166,1.0
461185,0.0
840127,0.0
909823,2.0
347835,1.0
41851,0.0
429019,1.0
822696,2.0
398282,1.0
939362,0.0
44160,1.0
193712,0.0
628281,0.0
489292,1.0
616565,1.0
347410,1.0
17963,1.0
76228,1.0
601837,2.0
569634,1.0
57381,2.0
120440,1.0
34596,0.0
28256,1.0
499154,1.0
352917,2.0
642374,1.0
597069,2.0
830957,-1.0
317312,1.0
827075,2.0
588394,1.0
706639,2.0
182537,0.0
16854,1.0
443398,1.0
434602,1.0
554528,0.0
30214,2.0
171137,1.0
875060,-1.0
961114,2.0
246680,2.0
244205,-1.0
552594,2.0
726305,1.0
354750,-1.0
71830,1.0
345645,0.0
212044,1.0
200267,1.0
942846,0.0
174493,2.0
333002,1.0
146187,2.0
793908,0.0
496143,1.0
966647,2.0
323,-1.0
803875,1.0
402047,2.0
534219,2.0
703000,2.0
671584,-1.0
559320,2.0
188050,1.0
887516,1.0
645866,1.0
466328,-1.0
415728,1.0
503003,1.0
298164,0.0
633000,1.0
512067,1.0
235641,1.0
343381,1.0
733240,2.0
136832,1.0
389026,2.0
852347,2.0
25002,2.0
294027,1.0
648266,1.0
810469,1.0
224435,2.0
952397,1.0
12004,1.0
185013,1.0
486832,1.0
86045,2.0
133514,1.0
799864,1.0
781356,1.0
866735,0.0
788791,1.0
907298,2.0
930620,-1.0
580848,1.0
438124,1.0
400009,1.0
956741,1.0
748695,2.0
831576,1.0
683218,1.0
531715,1.0
555874,2.0
672398,1.0
293081,1.0
506419,1.0
776853,1.0
857439,2.0
860763,1.0
169809,1.0
410150,0.0
776743,1.0
830459,1.0
612043,1.0
247011,1.0
404518,1.0
997644,2.0
111741,-1.0
921727,1.0
921922,2.0
349946,1.0
632649,0.0
10315,-1.0
448017,2.0
561814,2.0
88851,0.0
317861,1.0
419424,0.0
185650,1.0
931895,1.0
893553,2.0
159886,1.0
48509,1.0
697646,1.0
260134,0.0
958366,1.0
497671,0.0
890683,2.0
219061,1.0
50736,1.0
742031,1.0
431195,-1.0
159717,-1.0
641424,1.0
423512,2.0
229137,0.0
798844,0.0
693406,1.0
371036,-1.0
211835,2.0
757133,1.0
937342,2.0
977747,2.0
333823,1.0
669775,1.0
260295,1.0
677043,1.0
477036,1.0
194820,2.0
833593,1.0
737103,1.0
838487,1.0
14362,1.0
433532,1.0
375715,2.0
274541,0.0
115978,1.0
905000,0.0
343053,2.0
168437,1.0
794305,2.0
149132,2.0
255482,1.0
786652,1.0
18795,0.0
261144,-1.0
2575,1.0
477704,1.0
645226,1.0
613988,2.0
141972,1.0
863542,1.0
922667,1.0
419431,1.0
960388,1.0
853322,2.0
622813,2.0
785330,1.0
810188,1.0
53815,1.0
818404,1.0
747464,1.0
754308,1.0
128943,0.0
996229,2.0
964585,2.0
959469,1.0
354761,2.0
102989,1.0
67926,1.0
122021,1.0
549342,1.0
446441,2.0
196355,2.0
589487,0.0
70611,1.0
683684,1.0
978725,1.0
13287,1.0
809747,1.0
838185,1.0
647188,2.0
616174,-1.0
754798,2.0
620739,1.0
644772,1.0
96841,1.0
818549,1.0
24845,1.0
397713,2.0
924727,1.0
164077,1.0
442722,1.0
583077,0.0
840571,1.0
415337,2.0
148578,2.0
239214,1.0
521908,1.0
947679,2.0
227844,1.0
701507,1.0
617736,1.0
509196,1.0
585430,1.0
839425,2.0
414230,1.0
916592,1.0
705572,1.0
282147,1.0
201741,1.0
464689,0.0
506099,1.0
315331,1.0
258435,2.0
910541,1.0
394712,2.0
424092,1.0
204080,0.0
744870,0.0
644004,1.0
107636,-1.0
661174,2.0
19909,1.0
927163,1.0
358829,1.0
186937,1.0
98072,0.0
43449,2.0
996972,0.0
365705,1.0
27742,0.0
165638,1.0
419439,0.0
254018,1.0
980316,1.0
849752,0.0
601238,1.0
763081,1.0
767129,2.0
292040,1.0
800470,2.0
408830,1.0
902403,1.0
495974,1.0
97966,0.0
612358,1.0
601862,-1.0
484009,2.0
24147,2.0
545781,1.0
404273,2.0
459068,1.0
706804,1.0
570687,2.0
611072,1.0
985616,1.0
164701,2.0
599031,-1.0
291016,1.0
871590,2.0
375923,1.0
625713,2.0
544267,2.0
597520,0.0
201908,2.0
779450,1.0
41388,1.0
324210,1.0
527518,1.0
995095,1.0
68508,1.0
645526,1.0
803925,2.0
310865,1.0
243590,1.0
739831,1.0
838039,2.0
93918,1.0
115526,1.0
164262,1.0
727311,1.0
735220,-1.0
468210,1.0
689122,1.0
53596,1.0
799186,0.0
101084,1.0
30439,2.0
810252,1.0
821303,2.0
292964,2.0
302407,0.0
271892,1.0
732321,2.0
447410,1.0
803265,1.0
196513,1.0
365268,0.0
202213,2.0
325954,2.0
969878,1.0
626863,1.0
549662,2.0
583897,1.0
81079,1.0
74615,0.0
390771,1.0
921683,2.0
260545,2.0
746062,1.0
523766,2.0
369387,1.0
387902,1.0
407975,1.0
843647,0.0
668518,1.0
259924,1.0
823007,0.0
133194,2.0
999383,1.0
844853,0.0
811166,2.0
700248,1.0
312802,2.0
703577,0.0
842529,1.0
133240,2.0
637996,1.0
242561,1.0
970006,2.0
651603,1.0
339673,1.0
675644,1.0
793976,2.0
162961,1.0
469570,0.0
681176,2.0
887401,1.0
891406,-1.0
751950,1.0
965377,1.0
773946,2.0
84122,1.0
845066,2.0
389748,0.0
837821,1.0
967629,1.0
864765,2.0
266087,2.0
41710,-1.0
112134,1.0
513080,2.0
452254,1.0
564272,2.0
876098,1.0
273845,2.0
343129,1.0
622330,1.0
296515,1.0
199651,1.0
265010,1.0
124863,-1.0
619557,1.0
500287,0.0
366450,1.0
626887,0.0
426254,2.0
535685,1.0
617761,1.0
616786,1.0
863271,1.0
516407,2.0
148449,1.0
849472,-1.0
665945,1.0
479060,1.0
736724,1.0
288008,1.0
638394,0.0
779022,1.0
951766,1.0
535506,2.0
202738,1.0
863224,1.0
870370,1.0
721194,2.0
981141,0.0
252336,1.0
77169,2.0
68528,1.0
38903,2.0
256464,2.0
11425,2.0
898966,-1.0
860813,1.0
873715,1.0
81184,0.0
106630,2.0
203802,1.0
904553,2.0
793878,1.0
727291,2.0
659013,1.0
170414,1.0
545030,2.0
935399,0.0
720843,0.0
24407,2.0
368110,2.0
503818,1.0
556178,1.0
905326,-1.0
337724,1.0
69700,1.0
114542,1.0
160079,1.0
903579,-1.0
646349,1.0
161942,1.0
598614,2.0
663644,1.0
329622,2.0
263883,1.0
296398,1.0
566777,0.0
158516,1.0
764934,2.0
404621,2.0
803119,1.0
610999,2.0
737690,0.0
312628,1.0
712615,1.0
188749,1.0
814343,1.0
988637,1.0
880191,0.0
280042,1.0
630479,1.0
46849,0.0
667139,1.0
445425,1.0
136052,1.0
811010,1.0
170283,0.0
900662,1.0
493441,1.0
94212,2.0
753640,2.0
312169,-1.0
202533,1.0
102614,1.0
619990,0.0
86350,2.0
63121,-1.0
121852,2.0
600352,2.0
124929,2.0
75897,1.0
574497,1.0
24804,1.0
596222,1.0
906004,2.0
539619,1.0
110125,1.0
448051,1.0
790726,1.0
822650,1.0
381243,1.0
730979,1.0
936649,1.0
587095,1.0
612202,0.0
429050,2.0
700694,1.0
851416,1.0
547091,1.0
51713,2.0
125090,1.0
81094,2.0
46987,1.0
10385,-1.0
660879,1.0
815867,1.0
182651,1.0
13152,-1.0
612985,2.0
668026,1.0
286216,2.0
872878,1.0
346203,2.0
717045,2.0
118481,2.0
67795,0.0
965112,1.0
942456,1.0
49607,1.0
336321,-1.0
220175,1.0
218973,1.0
458027,0.0
932536,0.0
239165,1.0
473283,1.0
10468,0.0
965411,2.0
733655,0.0
383468,1.0
796762,1.0
184596,1.0
327092,2.0
158124,2.0
998269,1.0
332356,1.0
495084,2.0
610404,-1.0
478417,0.0
599073,1.0
476278,0.0
433925,1.0
184487,1.0
899620,1.0
237593,2.0
637818,2.0
487541,1.0
323186,1.0
767342,1.0
897943,2.0
893076,1.0
227111,-1.0
484479,1.0
142536,2.0
511856,1.0
486621,1.0
793118,2.0
350625,0.0
875997,1.0
520873,0.0
980231,0.0
486454,1.0
790783,1.0
119066,2.0
795590,1.0
703949,1.0
226753,1.0
497219,1.0
133965,1.0
108181,2.0
574156,1.0
510374,1.0
547861,1.0
154116,2.0
445954,1.0
997533,1.0
624946,1.0
463357,2.0
912071,1.0
789575,2.0
733504,2.0
921494,1.0
182771,1.0
577188,2.0
77565,1.0
13576,1.0
850213,-1.0
233403,1.0
158376,1.0
42715,2.0
125277,1.0
794752,1.0
738883,1.0
646317,1.0
908688,1.0
767328,0.0
771691,1.0
259880,0.0
825122,1.0
884467,2.0
787682,2.0
609778,1.0
737682,2.0
908388,1.0
424425,1.0
323128,0.0
628679,1.0
678862,1.0
838507,1.0
205713,0.0
681150,1.0
7572,1.0
941573,1.0
274509,2.0
684872,2.0
370024,1.0
291351,1.0
155280,2.0
493518,1.0
955736,2.0
475150,1.0
814784,1.0
934550,1.0
236229,1.0
868776,1.0
724046,2.0
948949,1.0
383876,1.0
131974,0.0
986064,0.0
428108,1.0
926841,1.0
494582,1.0
781163,2.0
92910,1.0
486,1.0
491939,1.0
53227,1.0
800250,1.0
253165,2.0
31100,1.0
457211,1.0
164443,2.0
646128,2.0
26297,1.0
641969,-1.0
593800,2.0
256579,1.0
805014,1.0
418189,2.0
640885,1.0
497723,1.0
627483,1.0
654700,1.0
237079,2.0
432087,1.0
572031,1.0
962862,2.0
73015,2.0
308754,1.0
686614,1.0
620529,0.0
342626,1.0
875135,2.0
135651,2.0
566883,1.0
708737,1.0
771565,2.0
146085,2.0
713094,0.0
540959,1.0
824998,1.0
387636,1.0
6977,1.0
581176,2.0
272574,2.0
312899,1.0
405772,2.0
423226,0.0
15617,2.0
73801,1.0
581076,1.0
763519,1.0
916909,2.0
646077,1.0
551261,1.0
182472,0.0
180047,0.0
986479,1.0
238659,1.0
76266,1.0
98479,1.0
177204,2.0
298152,2.0
328729,1.0
297260,1.0
567264,2.0
329437,1.0
985621,1.0
789426,1.0
246326,1.0
933736,0.0
378617,1.0
254499,1.0
174922,2.0
312720,1.0
568863,1.0
903966,0.0
730989,1.0
191303,1.0
261053,0.0
179969,1.0
411209,1.0
293338,1.0
224041,1.0
627912,1.0
763334,0.0
769155,0.0
93337,2.0
802385,2.0
42183,1.0
407596,-1.0
368054,2.0
618952,2.0
648741,2.0
877147,1.0
996306,2.0
154289,2.0
333682,1.0
746454,1.0
504683,0.0
455348,1.0
744762,2.0
153848,1.0
429721,1.0
460217,2.0
622753,1.0
925836,2.0
140313,1.0
498154,0.0
848278,2.0
694120,1.0
614569,1.0
511015,1.0
56117,1.0
97915,0.0
684968,1.0
290122,1.0
896238,0.0
105501,1.0
155182,2.0
243396,1.0
425069,1.0
3804,1.0
92161,1.0
360732,2.0
850932,2.0
20149,1.0
695895,1.0
972635,1.0
986282,-1.0
568549,2.0
434652,1.0
507521,0.0
263473,-1.0
267646,-1.0
149939,2.0
274077,1.0
776304,1.0
370879,1.0
404861,2.0
204227,-1.0
819486,1.0
142966,2.0
818701,1.0
274044,1.0
665722,1.0
421305,2.0
704236,1.0
349774,1.0
635513,1.0
652424,-1.0
146233,-1.0
676332,1.0
696485,1.0
474898,1.0
939207,2.0
135234,0.0
4494,1.0
678001,2.0
505970,1.0
656254,1.0
552023,1.0
561933,1.0
885448,1.0
284977,1.0
455946,1.0
891808,1.0
349787,2.0
598581,2.0
327527,1.0
631112,2.0
780626,1.0
617439,1.0
778454,1.0
411141,1.0
694508,1.0
451340,1.0
200823,1.0
252827,-1.0
997245,1.0
593241,1.0
150780,1.0
701541,1.0
342006,1.0
182752,1.0
597528,1.0
979212,2.0
730965,1.0
705732,0.0
852885,1.0
567968,2.0
58159,1.0
485485,2.0
270505,1.0
221568,1.0
261639,1.0
493242,1.0
988625,1.0
127890,1.0
582873,1.0
596848,2.0
653100,1.0
681574,-1.0
228139,1.0
121922,2.0
941781,2.0
169175,2.0
253167,1.0
715413,1.0
15656,1.0
825086,2.0
207315,1.0
823519,0.0
369940,1.0
359076,0.0
802295,1.0
44252,1.0
230042,1.0
663144,2.0
235342,0.0
948529,1.0
649033,1.0
622688,1.0
500735,1.0
295382,2.0
982200,1.0
349178,1.0
395381,1.0
544107,1.0
538241,1.0
591984,1.0
45181,1.0
708342,1.0
950412,1.0
118586,1.0
833509,1.0
694880,1.0
501069,0.0
537327,1.0
736909,2.0
777838,1.0
14607,2.0
198247,1.0
532727,0.0
971954,2.0
506983,1.0
740265,1.0
628974,1.0
273978,2.0
890446,2.0
555626,0.0
266376,2.0
555259,1.0
605751,1.0
642647,0.0
8695,2.0
288654,0.0
420856,1.0
822637,1.0
495623,1.0
444782,1.0
598329,2.0
581704,1.0
274996,-1.0
185975,2.0
6500,
4922,
314724,
864689,
890303,
298217,
58759,
665061,
711365,
53886,
639109,
955199,
56403,
986454,
725929,
308560,
63259,
893580,
910594,
635622,
332270,
230361,
970928,
987005,
599243,
415291,
353090,
571695,
442038,
766968,
572932,
770249,
380515,
308454,
870967,
35630,
809561,
51932,
937854,
845936,
48136,
337375,
129260,
651061,
949433,
38474,
780400,
900148,
717361,
315768,
1094,
371575,
334703,
347301,
333023,
760539,
986393,
113410,
533841,
646375,
208765,
874552,
581056,
564133,
238576,
771517,
569298,
362439,
313524,
453646,
267618,
552103,
922833,
161548,
547728,
882173,
196745,
329376,
561279,
152362,
577289,
569331,
797033,
697697,
705751,
780961,
607260,
56078,
233570,
900516,
526766,
950781,
445119,
299523,
700364,
638191,
746929,
585971,
568079,
102283,
154483,
870534,
367520,
483579,
846473,
863386,
448491,
879144,
661533,
778544,
26334,
568606,
694622,
176767,
787826,
765977,
79002,
628012,
468570,
989146,
458415,
677605,
896052,
689114,
743964,
562549,
609521,
769546,
936010,
28321,
907350,
15176,
619727,
755696,
659339,
868242,
878577,
27645,
94375,
96253,
106662,
927688,
174681,
5808,
562069,
697588,
323681,
767676,
23872,
901914,
940000,
152867,
174045,
952247,
420045,
219993,
384450,
284022,
281768,
969999,
692396,
566712,
397080,
400965,
553873,
314655,
210043,
66392,
888438,
42015,
155936,
456964,
100619,
165244,
918091,
225368,
809620,
543287,
858075,
342041,
501333,
688842,
259862,
844239,
939482,
851282,
782419,
156502,
411451,
778098,
748621,
991104,
429100,
242868,
383918,
665976,
464303,
136987,
210063,
931052,
726315,
430258,
366927,
303238,
485960,
300485,
486143,
487258,
86791,
483979,
557002,
651130,
240130,
854919,
126330,
959514,
669369,
906463,
251017,
17936,
275097,
973737,
398175,
549419,
830932,
62153,
836743,
688979,
467710,
786829,
475922,
756330,
129546,
283112,
177141,
27227,
991302,
769041,
982553,
882621,
953530,
834944,
561470,
384297,
521834,
878776,
800561,
332192,
626665,
720978,
471603,
840316,
270413,
666499,
934904,
750005,
370595,
93511,
389325,
285464,
537960,
523402,
453346,
286755,
735544,
737829,
866869,
887135,
539693,
912791,
32937,
607228,
678005,
547998,
111384,
135862,
585961,
851295,
876430,
161949,
265741,
469560,
625147,
843557,
246532,
397532,
363915,
535584,
195696,
432742,
45471,
147931,
351920,
728240,
15379,
138964,
406562,
673979,
6599,
3316,
963207,
292792,
715826,
901330,
658591,
700745,
684686,
585044,
72912,
292080,
775106,
429183,
79809,
710041,
359322,
558178,
883974,
796425,
792125,
603149,
412743,
899120,
77176,
48054,
744133,
792380,
450463,
923478,
825217,
92054,
455204,
166549,
864815,
736961,
495799,
988766,
440864,
7273,
114016,
713565,
713129,
681654,
633587,
489731,
71236,
954902,
608676,
841621,
938387,
96791,
336255,
654234,
568095,
297199,
63520,
146672,
156613,
209688,
233240,
635250,
818370,
250804,
472432,
526619,
932140,
678223,
499800,
94093,
975989,
546488,
823328,
83230,
613657,
465639,
37735,
508126,
338723,
216769,
924616,
128444,
781378,
161766,
629937,
448114,
337455,
928110,
348665,
925085,
350345,
255901,
798119,
649555,
678457,
127945,
306053,
429997,
84686,
178031,
433817,
727081,
92555,
736073,
684291,
208436,
631966,
632170,
552169,
700411,
398682,
864408,
791122,
311939,
212992,
439770,
888670,
246648,
52909,
185340,
954861,
312141,
779676,
501230,
655913,
869690,
692291,
7733,
323305,
522534,
255257,
342294,
336712,
847143,
958883,
32011,
645444,
591370,
921487,
213184,
191035,
486019,
967576,
485397,
274091,
971373,
80530,
441388,
219687,
589095,
717337,
309919,
624761,
538959,
933506,
255735,
960885,
547227,
955114,
490235,
30625,
344466,
352351,
91361,
644448,
321910,
294122,
502744,
450547,
952430,
917415,
546639,
498408,
19737,
89008,
401448,
117558,
713838,
52888,
692934,
211232,
738012,
430717,
429013,
622733,
175296,
208540,
341637,
980407,
747972,
10675,
413483,
492601,
440868,
179308,
850302,
994884,
280069,
225213,
383465,
495245,
457142,
918082,
850665,
119798,
197624,
419286,
66539,
937594,
458056,
391586,
537905,
940773,
63636,
350290,
399262,
879570,
242644,
360419,
702569,
195816,
757711,
927763,
709644,
713965,
645834,
917740,
102859,
302987,
533731,
989796,
998974,
238041,
849413,
277751,
42975,
243718,
993297,
162328,
341635,
650311,
244956,
203918,
474921,
111066,
706768,
701078,
469942,
396077,
930734,
769160,
324,
685392,
195255,
132265,
232617,
671491,
24200,
670870,
187081,
740680,
183014,
1002,
437581,
13562,
525771,
484704,
435190,
563240,
980945,
71688,
43993,
674237,
609692,
994995,
17950,
660705,
488065,
718541,
789782,
774504,
942387,
913856,
68822,
498872,
282396,
607114,
293524,
67727,
926215,
237135,
13937,
105223,
989572,
548324,
565886,
319852,
958100,
343719,
731863,
603466,
119608,
692785,
764412,
853757,
822612,
400706,
506377,
676465,
528708,
426419,
540054,
912100,
274630,
554174,
905680,
418450,
418141,
307012,
890324,
682705,
379783,
843593,
22034,
616085,
672236,
440264,
162520,
571452,
178299,
187726,
162956,
650239,
285695,
62508,
601101,
888833,
452911,
532091,
647934,
205997,
376530,
491158,
670340,
63710,
373166,
123762,
949504,
282697,
796241,
968995,
114369,
505454,
804838,
254338,
357839,
356216,
27874,
985071,
718353,
10863,
519963,
398011,
858431,
781976,
647740,
509315,
180805,
153440,
721700,
665905,
425155,
592618,
604000,
706419,
626332,
675525,
35335,
879999,
695422,
282559,
347486,
237897,
83693,
434463,
936349,
467990,
339981,
998342,
769234,
812406,
325242,
274653,
141806,
239144,
537273,
147807,
207974,
357314,
789590,
752831,
719483,
717031,
744804,
912022,
541124,
999263,
986822,
397991,
819649,
917021,
742017,
68689,
233448,
391815,
625916,
602874,
384242,
248317,
597775,
505736,
830762,
268977,
169209,
674056,
303834,
893012,
950264,
155098,
643801,
37382,
239109,
811745,
307324,
651589,
728961,
995965,
32617,
345264,
670510,
187322,
643839,
656403,
407063,
456801,
279241,
173656,
140144,
695410,
342379,
904821,
102149,
315058,
443380,
328359,
822742,
363827,
369444,
15004,
425757,
795670,
994106,
521233,
629606,
428345,
376182,
557421,
351678,
566520,
951080,
431383,
164681,
711690,
487536,
12892,
93856,
616594,
55340,
977890,
767055,
449932,
916728,
116029,
385866,
560183,
264529,
410097,
759381,
846166,
975978,
73908,
564366,
218212,
774290,
468930,
692526,
425303,
907670,
345212,
686682,
130895,
78847,
813529,
512340,
643621,
492385,
105981,
106267,
395551,
133092,
62304,
773877,
261474,
2066,
880642,
168822,
291414,
518500,
474278,
250041,
369792,
549105,
735919,
415660,
390548,
586365,
801663,
21444,
429715,
485778,
353052,
39102,
874377,
582519,
714029,
562887,
161206,
242518,
333341,
526794,
862925,
964831,
141282,
642970,
437390,
251594,
3947,
782071,
876155,
518691,
571034,
57352,
444558,
44613,
583126,
516278,
599097,
144626,
362282,
465505,
781993,
840724,
385584,
332709,
913766,
49767,
416908,
607640,
642312,
66809,
55451,
776252,
146193,
839366,
579210,
597687,
619476,
414013,
380700,
896367,
334698,
314624,
991473,
549413,
242209,
969368,
348883,
418492,
470540,
458378,
109266,
796016,
146189,
908598,
305829,
150626,
314295,
785092,
349953,
315604,
719053,
625475,
904281,
864899,
98191,
393935,
976682,
115902,
714477,
904871,
40002,
196167,
876677,
639041,
658238,
118538,
585684,
212373,
439871,
372248,
808291,
740677,
286600,
39137,
242134,
789533,
974607,
121892,
925466,
659381,
71947,
619589,
538261,
401624,
592687,
770681,
655254,
803295,
770982,
841939,
773430,
910369,
529946,
453960,
199412,
928138,
89026,
936076,
48194,
543968,
428811,
199176,
308647,
472164,
14347,
792863,
730475,
302030,
729730,
355810,
520559,
116986,
242175,
214431,
627510,
372797,
821047,
859883,
184039,
575649,
406507,
208568,
371985,
440835,
647629,
897754,
802877,
254620,
306648,
80762,
65253,
221872,
655251,
400521,
899111,
213627,
32882,
127013,
296021,
246508,
881303,
877621,
913736,
28168,
616816,
337927,
60850,
382625,
306424,
125916,
887268,
646241,
833300,
640993,
185928,
723717,
161924,
653426,
326871,
23219,
694941,
511624,
713841,
757148,
233609,
481699,
788178,
258840,
180910,
143846,
397187,
735956,
697066,
398754,
159756,
583833,
347170,
840626,
976083,
936082,
707118,
230817,
647480,
886880,
669722,
89211,
965203,
205053,
792494,
810157,
244378,
953700,
823363,
643295,
844388,
111866,
891158,
658186,
376161,
733882,
524949,
754796,
747068,
260344,
341280,
833793,
456224,
942777,
813648,
703664,
454700,
774633,
713981,
439771,
877051,
557810,
999361,
541390,
843489,
864943,
624938,
672160,
651084,
657393,
730399,
507652,
836399,
231,
141372,
67600,
486188,
788413,
163707,
175537,
899924,
387467,
300294,
263648,
546601,
208409,
988785,
460408,
596290,
152927,
330596,
813049,
29924,
966487,
211780,
934971,
396644,
389863,
151900,
529295,
197911,
795755,
826090,
10291,
827586,
342303,
467556,
237893,
182715,
523321,
363106,
23004,
928252,
391847,
675665,
348827,
729449,
232059,
171354,
161420,
920419,
125728,
529144,
38443,
923595,
281501,
755722,
34877,
948297,
655292,
624662,
617813,
872665,
251854,
836359,
798768,
922488,
446131,
711942,
132672,
117315,
786925,
88937,
841709,
764509,
263838,
903611,
135121,
144821,
632162,
360173,
448103,
678866,
415234,
724647,
665309,
957065,
224939,
133760,
402953,
647958,
973496,
211487,
970549,
322361,
758055,
34105,
684967,
167784,
645719,
183603,
644988,
417921,
634015,
855655,
364166,
818184,
637913,
584433,
54701,
417381,
883513,
518360,
599938,
638621,
961715,
697302,
167532,
65065,
872916,
199128,
977732,
387630,
42462,
349811,
534173,
785799,
403726,
504476,
32252,
440593,
892685,
536460,
806307,
670875,
681122,
781879,
247068,
112810,
603763,
340383,
401550,
397696,
292460,
46055,
922725,
420119,
345844,
495305,
575462,
353591,
697999,
645309,
775388,
616411,
137885,
451960,
789115,
477120,
471531,
643397,
981119,
905720,
527327,
214262,
764356,
285265,
109031,
889920,
918544,
345862,
626861,
407425,
112891,
892965,
500622,
359206,
132398,
141932,
27158,
312699,
641045,
548793,
614023,
195809,
462314,
505590,
475827,
347787,
246778,
974119,
585186,
76203,
637597,
999983,
465780,
735013,
290151,
347870,
446311,
408612,
196509,
129739,
624840,
806364,
616197,
376651,
568226,
51453,
646773,
462459,
932633,
420183,
992903,
968742,
345859,
890862,
674121,
268219,
7655,
497236,
186163,
706987,
128531,
315675,
746780,
968654,
252133,
53344,
933095,
161392,
694317,
682757,
583969,
230320,
927233,
702609,
449579,
52493,
275488,
308521,
960368,
275530,
833217,
800449,
244138,
642606,
370237,
36966,
12748,
465047,
688977,
843598,
790157,
242160,
628826,
446288,
322424,
803087,
634079,
825627,
961667,
33808,
198272,
990123,
469488,
463957,
880361,
584773,
374553,
183275,
113375,
190844,
795230,
444102,
259635,
497056,
205201,
830570,
177632,
874661,
204768,
426709,
666101,
728666,
622683,
539304,
490246,
862832,
91092,
629284,
581779,
767922,
207825,
488877,
290673,
587933,
12343,
991667,
366178,
990370,
345018,
900182,
23133,
813652,
155474,
265814,
976781,
853893,
125784,
722067,
203641,
455687,
21780,
739736,
663336,
669160,
99220,
736519,
162533,
272392,
809568,
408446,
293618,
614427,
448949,
434123,
694186,
480120,
343589,
595575,
880717,
302744,
631761,
706535,
121619,
177940,
94004,
300637,
324458,
336980,
3151,
390611,
336024,
811013,
920143,
824716,
453544,
368830,
556824,
744397,
647697,
539985,
399389,
715168,
784741,
117318,
568817,
377392,
111643,
8723,
262101,
551225,
377121,
388278,
387855,
396758,
821375,
307577,
11874,
152947,
373196,
681799,
195033,
470515,
542193,
786188,
952036,
782706,
232723,
443670,
685079,
276015,
373750,
956265,
847491,
511736,
301549,
491260,
502197,
972927,
740869,
519113,
573875,
858962,
528969,
570551,
883034,
169392,
269695,
47454,
391822,
628083,
644328,
436950,
26551,
647139,
179680,
363692,
483048,
540983,
788092,
205106,
785011,
33426,
338299,
240223,
514220,
767021,
458376,
871950,
648034,
302254,
638987,
543051,
518964,
205963,
895438,
838812,
396598,
9385,
53503,
857881,
899149,
983942,
717325,
193613,
287333,
242144,
966042,
167148,
3451,
223188,
571929,
484537,
261371,
333480,
717182,
18369,
239212,
713047,
896499,
19234,
576063,
865976,
865858,
214133,
7500,
461792,
909060,
896636,
923236,
363209,
943350,
23718,
732753,
436406,
226552,
995707,
860633,
283389,
828750,
750985,
10691,
968989,
283169,
479441,
49000,
895112,
89198,
731498,
873492,
748686,
493732,
666504,
291794,
591070,
399545,
898448,
655033,
653524,
933765,
98740,
701254,
460181,
750030,
745890,
633094,
885609,
642211,
893929,
233330,
187583,
1778,
468742,
757706,
197401,
145207,
969010,
93645,
262801,
874333,
593952,
874815,
792528,
96606,
104081,
951844,
240191,
741518,
490704,
787476,
356997,
804006,
873876,
623346,
987897,
914419,
412157,
2028,
605102,
749238,
307392,
397422,
338237,
80541,
449512,
294833,
413620,
387693,
450373,
589886,
516932,
581483,
346955,
734933,
288357,
303455,
224575,
576795,
15284,
573941,
919384,
719494,
24551,
183366,
336178,
634250,
609196,
974078,
839965,
232062,
924312,
575336,
124851,
806164,
732761,
500599,
412117,
906349,
913803,
393406,
189856,
310554,
919892,
569801,
817363,
440342,
720834,
406014,
142478,
759688,
371839,
628608,
488708,
498562,
43007,
466461,
103442,
685532,
488405,
681057,
353092,
284569,
395034,
366099,
577799,
854121,
264258,
349261,
122095,
910800,
638147,
101951,
309070,
570235,
59157,
669686,
558941,
51268,
991319,
514870,
52275,
44216,
326352,
930456,
837886,
425286,
354627,
590555,
540462,
981998,
135020,
981661,
805343,
776590,
700547,
575771,
810435,
107181,
122281,
556956,
77126,
290670,
517369,
808687,
114203,
15842,
102935,
23002,
404865,
567081,
211891,
619002,
684757,
179146,
935520,
824330,
150637,
119377,
768227,
149919,
669199,
185722,
336736,
544432,
461608,
543004,
34682,
92880,
215890,
888835,
181401,
189154,
872090,
845259,
218304,
567409,
399514,
672209,
4403,
445740,
464276,
886163,
187666,
160670,
285723,
272753,
170877,
698764,
132467,
39110,
606934,
17095,
13523,
462723,
389239,
587505,
690523,
253146,
167461,
716193,
754194,
937593,
795201,
941129,
951756,
541050,
676119,
383346,
318732,
177261,
374551,
335242,
669156,
147257,
631258,
577768,
556221,
172964,
767518,
905221,
937706,
676551,
411028,
968883,
65085,
974176,
281304,
860156,
885791,
174569,
674895,
70824,
604290,
927676,
731245,
143452,
342692,
871087,
761613,
798311,
635795,
700014,
791049,
279700,
507646,
444407,
465916,
134834,
852541,
962364,
176463,
992510,
975849,
420299,
704863,
421447,
935240,
461836,
819440,
419330,
535890,
841407,
826224,
546860,
624360,
587419,
389504,
860824,
793887,
945522,
436399,
797196,
642292,
258901,
233757,
875599,
860413,
922066,
719718,
667210,
954662,
593300,
491493,
943128,
670317,
550089,
152533,
725903,
685530,
679978,
247717,
803475,
776944,
232693,
752730,
526205,
831699,
739965,
251342,
718512,
816966,
903146,
891315,
787078,
21589,
322283,
867456,
22847,
520018,
767439,
808874,
257679,
635476,
336477,
398328,
386898,
559407,
658452,
64700,
636423,
906223,
773709,
441850,
133043,
553119,
632138,
320905,
975115,
38430,
733245,
384813,
464528,
786000,
684182,
221073,
965970,
691400,
691422,
63149,
94816,
613499,
910979,
50617,
529874,
144763,
477049,
718864,
799336,
429124,
16399,
389891,
803662,
45923,
260020,
780749,
618441,
139969,
723808,
188951,
609927,
98321,
513818,
943916,
847508,
425538,
231808,
618984,
810170,
952783,
310439,
955627,
201714,
253507,
336728,
739980,
652034,
786046,
338331,
978337,
559940,
930566,
619635,
44405,
436944,
609023,
888451,
565182,
230971,
966471,
633801,
596337,
434014,
876617,
60545,
971322,
634921,
851954,
717758,
421679,
890281,
665551,
356135,
963332,
574829,
81371,
603906,
468076,
659606,
97195,
493580,
880721,
96026,
252046,
856130,
472832,
209090,
609183,
514259,
681249,
25872,
408169,
905925,
459544,
913419,
71764,
92104,
74545,
870533,
393229,
686549,
299868,
725140,
661441,
474203,
242949,
179621,
537577,
847478,
884263,
793221,
819944,
490010,
939135,
323575,
893288,
116830,
362231,
471844,
176547,
565202,
329502,
638907,
614055,
51534,
945333,
122940,
469138,
880749,
778694,
104364,
368719,
193727,
665192,
565739,
343223,
279885,
892105,
140680,
790521,
412336,
445997,
779795,
681616,
367686,
506370,
132168,
759108,
607329,
833214,
989639,
381419,
152267,
84283,
983881,
657049,
460356,
700177,
724623,
269340,
535460,
552058,
163554,
243130,
943320,
931056,
574005,
321998,
313038,
651974,
744160,
911544,
28314,
420118,
865942,
782992,
175154,
65902,
787883,
791692,
207757,
976442,
758755,
867625,
607007,
938596,
994970,
528695,
534510,
661942,
715352,
786120,
840591,
649191,
229841,
783682,
218198,
446581,
936827,
152582,
728227,
11920,
622280,
735540,
9279,
757282,
904522,
347211,
820479,
756206,
678920,
440259,
559157,
406889,
388681,
88041,
854980,
922520,
213898,
145369,
860687,
680519,
321220,
882331,
907463,
335976,
622805,
349122,
324368,
581146,
455964,
160166,
580239,
18671,
716376,
979435,
252476,
838635,
846835,
981163,
236535,
927987,
710593,
610576,
758414,
18822,
424206,
154236,
729958,
407521,
824810,
554576,
996125,
508149,
280895,
110710,
583480,
667841,
949978,
396471,
837179,
737124,
294524,
641827,
416947,
515505,
588319,
604614,
446458,
37360,
704078,
544705,
63842,
901931,
269577,
138417,
426497,
674947,
247478,
209270,
992108,
255923,
972520,
942975,
664932,
799405,
937887,
173729,
485359,
134379,
760079,
398627,
32929,
299783,
44735,
728497,
183312,
94753,
14623,
353731,
297818,
713609,
362414,
34025,
704233,
579173,
591696,
315835,
270023,
926733,
30642,
665957,
28337,
417278,
50742,
358351,
200711,
389793,
454424,
717217,
294907,
198716,
606121,
970000,
398295,
849951,
971806,
500923,
307702,
960324,
645317,
29213,
477346,
299162,
544515,
880298,
612332,
766985,
361680,
302664,
200394,
447949,
99648,
928859,
83796,
925802,
294633,
303648,
314580,
572088,
200392,
641822,
385091,
556789,
203724,
296730,
916865,
435206,
797442,
586862,
544527,
342507,
159414,
873750,
240786,
912315,
430947,
502009,
406685,
783825,
994307,
826534,
958248,
965880,
641657,
250465,
447013,
855359,
807064,
986805,
461201,
488707,
895905,
801388,
34910,
242159,
45534,
976055,
937872,
838818,
590122,
21289,
762446,
164145,
397452,
95291,
870694,
419126,
314286,
951661,
187089,
375759,
679611,
422353,
886918,
678095,
839278,
379592,
738080,
336714,
1816,
657388,
683321,
477660,
223453,
421643,
43719,
381965,
294032,
109220,
874526,
440019,
927947,
574554,
128567,
378707,
592854,
456458,
962041,
750953,
52542,
122796,
187289,
265431,
828671,
244357,
753421,
204521,
14384,
938581,
739493,
272480,
293270,
407620,
221779,
700583,
491385,
648006,
271260,
68436,
7675,
820467,
957518,
192926,
970423,
960163,
458966,
644790,
85869,
775140,
802518,
110473,
640417,
280223,
494357,
174044,
731471,
3723,
3202,
549109,
873234,
580874,
56879,
608787,
151713,
457952,
155514,
572568,
471996,
749681,
85658,
509974,
45633,
163316,
168820,
540509,
203774,
589068,
930997,
327726,
673125,
470462,
275391,
723919,
446680,
141194,
583867,
302930,
757862,
649240,
551327,
162535,
715022,
356711,
279120,
564,
121545,
242286,
625921,
216342,
534568,
173469,
451677,
565007,
858239,
707167,
581249,
833702,
14926,
448775,
864201,
15881,
57888,
525539,
672859,
297051,
413953,
20613,
783978,
44946,
739146,
242763,
427532,
482620,
338775,
963222,
853096,
178136,
507896,
872710,
756649,
427921,
236300,
472843,
585050,
722000,
652221,
157054,
758676,
842465,
212791,
695776,
699957,
232164,
517116,
930064,
576283,
265567,
17842,
798939,
168339,
106814,
825225,
360538,
612554,
853657,
98480,
177484,
777232,
768047,
881405,
671404,
329427,
184153,
859092,
456205,
280330,
203075,
272683,
102279,
251364,
691018,
171437,
584523,
352915,
938918,
118705,
362862,
162835,
684924,
192051,
302733,
338757,
964326,
84507,
785363,
504198,
232387,
169990,
191543,
746266,
389694,
202010,
693828,
234488,
933815,
536804,
568070,
757915,
214113,
430081,
219191,
154202,
265504,
192317,
231203,
921692,
582394,
103419,
469177,
67327,
409807,
576187,
550239,
648313,
375610,
288718,
661607,
440008,
937627,
721289,
287145,
281673,
886513,
407091,
42518,
742525,
118175,
339939,
746758,
47529,
750212,
162028,
937194,
491132,
474018,
361042,
799826,
513377,
329632,
994041,
721268,
93850,
610899,
418447,
502706,
910420,
103571,
338728,
143979,
908115,
224771,
203179,
784900,
795672,
197824,
158701,
863844,
678273,
291587,
380473,
144028,
296369,
100221,
353354,
74660,
359734,
593537,
461573,
787803,
498737,
700957,
504538,
736901,
651995,
853083,
582931,
356177,
140282,
615437,
59916,
358757,
144672,
239716,
661831,
795858,
124164,
129832,
112460,
242681,
160144,
422103,
546746,
219843,
151006,
190868,
994821,
531825,
35242,
858151,
432143,
12320,
831941,
584499,
524383,
795138,
152972,
703808,
620420,
465164,
384067,
231989,
946557,
154720,
948569,
435694,
300631,
702259,
881456,
870399,
997972,
662440,
733984,
578706,
232381,
20967,
277542,
191551,
11712,
729970,
937412,
515785,
27412,
626724,
718433,
467242,
127677,
515849,
962814,
73851,
448294,
388958,
88600,
815016,
342255,
315500,
397781,
497256,
900685,
895026,
837882,
857718,
645914,
429221,
733705,
644143,
168585,
823781,
732801,
484639,
144983,
558804,
78602,
509354,
59464,
702425,
194139,
354470,
697242,
959223,
925997,
964409,
552441,
704720,
637471,
392090,
429352,
418244,
212699,
433115,
596894,
744616,
700389,
499577,
939324,
444327,
899081,
562893,
430444,
590926,
301275,
341119,
629890,
292105,
598093,
578681,
450187,
806371,
377791,
552683,
310662,
493968,
213428,
323918,
659778,
931821,
466144,
485827,
576534,
880020,
983767,
307996,
901703,
787373,
488684,
138535,
116502,
418892,
695046,
601032,
260117,
84408,
438427,
260358,
564732,
727187,
126996,
166715,
941101,
963211,
206732,
754664,
991119,
573773,
733913,
324298,
286589,
452072,
574560,
582553,
387930,
106633,
209318,
247440,
645123,
632243,
41005,
510964,
126015,
925313,
946901,
645629,
568781,
966168,
164600,
76245,
54719,
7509,
434728,
68985,
889229,
617853,
230037,
598028,
934017,
204685,
275992,
365621,
71091,
972408,
109470,
79549,
362284,
87027,
7240,
703452,
145197,
1945,
712767,
511943,
228503,
675038,
850882,
157092,
993050,
190667,
56081,
320095,
124432,
929212,
770494,
759292,
726964,
355876,
932500,
251875,
147687,
124352,
567215,
47328,
384546,
714132,
744069,
904328,
174271,
946120,
340483,
280836,
44911,
438926,
502640,
613771,
295236,
651182,
113815,
70411,
770580,
425733,
952906,
859485,
567060,
533881,
470525,
848469,
568784,
877185,
168726,
587093,
987387,
342669,
725378,
487075,
344476,
332836,
767844,
262960,
71648,
529828,
980495,
389168,
981338,
795799,
976940,
96321,
41753,
194110,
504128,
780124,
356023,
398872,
345019,
776169,
359849,
311294,
618627,
155605,
397357,
880594,
282389,
8701,
646950,
701935,
867236,
169205,
677356,
551956,
239983,
829555,
90918,
604275,
172579,
9475,
924591,
676803,
715117,
795553,
672587,
273880,
29004,
596291,
594134,
684013,
262766,
332492,
33218,
511329,
626443,
76165,
210055,
145456,
131138,
864046,
226831,
641620,
121792,
593310,
998283,
366049,
790955,
484959,
518884,
444593,
285948,
262411,
544648,
181962,
29667,
101815,
484679,
165310,
991755,
753084,
645827,
797101,
652094,
415350,
988696,
254341,
619928,
733556,
874389,
889535,
18492,
212156,
446936,
99337,
366122,
857685,
752290,
784519,
841029,
818114,
391759,
218217,
514458,
725621,
277280,
960351,
497022,
673763,
576817,
113307,
623916,
650738,
647394,
764007,
732898,
391659,
175838,
467890,
648786,
192616,
280107,
231690,
760479,
220087,
27968,
435534,
906542,
682632,
807456,
985511,
531101,
405436,
477213,
440967,
334834,
906815,
478680,
184856,
527493,
562159,
244745,
642003,
357986,
46480,
49925,
979680,
662792,
75837,
943024,
576033,
345642,
634597,
743366,
573632,
292228,
843750,
510205,
709542,
228488,
922831,
579403,
395851,
440675,
714011,
679588,
154261,
701991,
78214,
807282,
668050,
734739,
385189,
413920,
651019,
255286,
258396,
931784,
79989,
628610,
439993,
898414,
681341,
150769,
710936,
616628,
811994,
556747,
843257,
99188,
427006,
97899,
706552,
717134,
920814,
583327,
738594,
506262,
63123,
929360,
741854,
305707,
837793,
742000,
918334,
956244,
493656,
155104,
598173,
693350,
858955,
648396,
381704,
761694,
880806,
227080,
623268,
983828,
802279,
987980,
211241,
265042,
174321,
461455,
399200,
52238,
619713,
219773,
276473,
868018,
758458,
929280,
589155,
266361,
914494,
560119,
486451,
881623,
219667,
380317,
221371,
37074,
713540,
548241,
611865,
987116,
322192,
216069,
629946,
13575,
811195,
265187,
664758,
682704,
403445,
254631,
616375,
772787,
964612,
126727,
804398,
904502,
771068,
996118,
48173,
210227,
236789,
70995,
706649,
785152,
905971,
895249,
637993,
626143,
181536,
462251,
146057,
186483,
955391,
627421,
677657,
109807,
2354,
596661,
697797,
449687,
89035,
934819,
474445,
499061,
222175,
816137,
958446,
451394,
988130,
39619,
531092,
970953,
6685,
57260,
339478,
854673,
391664,
105187,
489312,
605384,
345792,
498080,
442883,
366507,
268424,
548053,
816356,
319790,
406053,
749147,
860970,
848457,
163149,
133966,
800062,
702964,
44870,
370116,
264,
691694,
386234,
622990,
761421,
550240,
18557,
880977,
900311,
290640,
834981,
805937,
5660,
937229,
602273,
756623,
314251,
859126,
625840,
628722,
31683,
637301,
861106,
962504,
413768,
509887,
252731,
795288,
710479,
174945,
579830,
229717,
144271,
379189,
290199,
200446,
128390,
699939,
108841,
312441,
864148,
950584,
961196,
685323,
805401,
698939,
814000,
58299,
23273,
995061,
676193,
546056,
655182,
69773,
587608,
17138,
280642,
371093,
779346,
818106,
318382,
767509,
777623,
107387,
130632,
187272,
566063,
286832,
63870,
128230,
197323,
716749,
957299,
274019,
203658,
191203,
267003,
716822,
375666,
823132,
377725,
18572,
356855,
105902,
827866,
478653,
349139,
68048,
635269,
363713,
87799,
915713,
609213,
1868,
777800,
574642,
858064,
638221,
480115,
596549,
573227,
667910,
269505,
681429,
980390,
904230,
261374,
889016,
1873,
427871,
574530,
602979,
347948,
282595,
412481,
380725,
63535,
734774,
179529,
633917,
894682,
158195,
763806,
848639,
194609,
865198,
565875,
496725,
953477,
630968,
737186,
526033,
404501,
558384,
904548,
328893,
455263,
411075,
370060,
116665,
432933,
608567,
908282,
66979,
599838,
543212,
885689,
443882,
876929,
887643,
624540,
34911,
580022,
198211,
630440,
542738,
871903,
716228,
406230,
668064,
314274,
257686,
101227,
25290,
375891,
34010,
40365,
853758,
788125,
213338,
180139,
55654,
834951,
627875,
251339,
440126,
272326,
644600,
398471,
802594,
573749,
52505,
434584,
438631,
427939,
915148,
860272,
368060,
774835,
354242,
570617,
70495,
135174,
682907,
372076,
367591,
815570,
629181,
829720,
221249,
819991,
237193,
541924,
27354,
91111,
182572,
84978,
353319,
760882,
166329,
640783,
328610,
7783,
610090,
880345,
259391,
254046,
483168,
634613,
794011,
864337,
804186,
188819,
133114,
302105,
879752,
536387,
193423,
657857,
380045,
594314,
570237,
670097,
918209,
837336,
74832,
599202,
345439,
597691,
623359,
154926,
543345,
47506,
968726,
417810,
143490,
378655,
946596,
35342,
622888,
832165,
192832,
97549,
495487,
766048,
939033,
138800,
228761,
574754,
626985,
433348,
192355,
963107,
999981,
617958,
952959,
959362,
192609,
66246,
358555,
813493,
382756,
199914,
266290,
553116,
993994,
660130,
589516,
46337,
514759,
162622,
644185,
739106,
971561,
659698,
151215,
416432,
769917,
788844,
492700,
425952,
235477,
527302,
958454,
602185,
532355,
421607,
479614,
438859,
543088,
462257,
590371,
10969,
589424,
464478,
429596,
798448,
23909,
376272,
923193,
823747,
457355,
347052,
66502,
299715,
312547,
826591,
230066,
907342,
185909,
964603,
652858,
673484,
659850,
325061,
91808,
123801,
513943,
860175,
815056,
486326,
855450,
240653,
757775,
650557,
610842,
399725,
348551,
83045,
70637,
237678,
222133,
865701,
68152,
767679,
389088,
575093,
755276,
125235,
117833,
850199,
665252,
354103,
85482,
96215,
420392,
836749,
96112,
442655,
493632,
250104,
431638,
260943,
28195,
228403,
434759,
609858,
726626,
836744,
387382,
566453,
43761,
815572,
127076,
350807,
37942,
367769,
374290,
181464,
806379,
61948,
531906,
658791,
322278,
901920,
963328,
405596,
11922,
74085,
616402,
280716,
798339,
133412,
739578,
480835,
529150,
174969,
278166,
773548,
737855,
410542,
211669,
423622,
708256,
448983,
186031,
169019,
101779,
650180,
926550,
138491,
391450,
934166,
697839,
720023,
971780,
748213,
926054,
308665,
210959,
757381,
519967,
517695,
828619,
786684,
654141,
26799,
291929,
482170,
853745,
300939,
510814,
167713,
265139,
155267,
228872,
384335,
813193,
38282,
183876,
720812,
109534,
259492,
246290,
763749,
642286,
867952,
8216,
320110,
21464,
310567,
615005,
53859,
297063,
264190,
443998,
757742,
754862,
725854,
890956,
321055,
634254,
235754,
558955,
65287,
484377,
10455,
286352,
113454,
461270,
488570,
887186,
758368,
814188,
8804,
919559,
902551,
836655,
259266,
843290,
89878,
177737,
709915,
538854,
916160,
226541,
138347,
189907,
835957,
2453,
288234,
892628,
347594,
235588,
468709,
475853,
508767,
141974,
505807,
966179,
800564,
897987,
566665,
31082,
893407,
497793,
271869,
952902,
249204,
425573,
857643,
970991,
820814,
771165,
522475,
134378,
208843,
781292,
488788,
56755,
677231,
430403,
492666,
690704,
86820,
729700,
910595,
627411,
544675,
236936,
707145,
723320,
534852,
585851,
789872,
489844,
626956,
520654,
466279,
615839,
340614,
578623,
986836,
699946,
491981,
302985,
821321,
872096,
83112,
916902,
74318,
41781,
108426,
540514,
350015,
504130,
569630,
48076,
582428,
678581,
933542,
204455,
483251,
101551,
596456,
98551,
136985,
378502,
661017,
631081,
397495,
429301,
653053,
873776,
85162,
721865,
142098,
957871,
885270,
63750,
258944,
86728,
70534,
790364,
643306,
298528,
240070,
445578,
678471,
112618,
838761,
604353,
355764,
829347,
157025,
528161,
439782,
412030,
764877,
53914,
197159,
87861,
626983,
852887,
130659,
532269,
721124,
207930,
555759,
971279,
303159,
507693,
465871,
934290,
182683,
825197,
436717,
866022,
113016,
244750,
502527,
162559,
463464,
763405,
18702,
238567,
704788,
651389,
744950,
129143,
384556,
76106,
256890,
520293,
889555,
746129,
427951,
731007,
429288,
20860,
993045,
176478,
895762,
569333,
212305,
725658,
728982,
933352,
484356,
255786,
829635,
334593,
188684,
815072,
442122,
36020,
421230,
627623,
980821,
781008,
645631,
163845,
949415,
284280,
961923,
138561,
935550,
832262,
712116,
713337,
784039,
702165,
738465,
132050,
499967,
367567,
623626,
825528,
375901,
810713,
712277,
102007,
187527,
378155,
634492,
675346,
901159,
466180,
915897,
804521,
145454,
178673,
617471,
875322,
129150,
622678,
21744,
704991,
519115,
380592,
268542,
291316,
338268,
239293,
531330,
300066,
50540,
113908,
585990,
752092,
79291,
347916,
864940,
7787,
629207,
575917,
432436,
597885,
173756,
867822,
278415,
528119,
118755,
356576,
748080,
51429,
698409,
388085,
307283,
704405,
812733,
717339,
293579,
406738,
228132,
286368,
577734,
135143,
620854,
369683,
323400,
417301,
436059,
721249,
773767,
333656,
568768,
43272,
938568,
172948,
983276,
803312,
76720,
511620,
512613,
984860,
95573,
850914,
482213,
269621,
193531,
595368,
107866,
469303,
818727,
635858,
965686,
299643,
624867,
304109,
88015,
26930,
764165,
830407,
533945,
832256,
730474,
142120,
52465,
970804,
415836,
605423,
472333,
248830,
47690,
816723,
278217,
204745,
100347,
17989,
385330,
659215,
575962,
41877,
147107,
12509,
873931,
961460,
991948,
882799,
597075,
397560,
922131,
516390,
36679,
355749,
111961,
333377,
519677,
292196,
200571,
532693,
696374,
36398,
963871,
760952,
507103,
243383,
51662,
788143,
193781,
102407,
76051,
41988,
29210,
733080,
985373,
872691,
49560,
198799,
601351,
767895,
88166,
272120,
761653,
439734,
225986,
271947,
20794,
172350,
93349,
207577,
193393,
919838,
303267,
215238,
753001,
860932,
731781,
772579,
945782,
565594,
668399,
187894,
24733,
127237,
57546,
813037,
365946,
486202,
226177,
83339,
475772,
733562,
672377,
325473,
960228,
338453,
303865,
984308,
176390,
110266,
723823,
713426,
65837,
959568,
259915,
414319,
734239,
951585,
991551,
538053,
159032,
760242,
511303,
205139,
713411,
404299,
520934,
962258,
589683,
879487,
595853,
893537,
510701,
506168,
935401,
172217,
107737,
843898,
75963,
792583,
788850,
171453,
721682,
504393,
457122,
967876,
778564,
384288,
918649,
932202,
596826,
533476,
510491,
542316,
994967,
19929,
600094,
415619,
954438,
68040,
621500,
219085,
511936,
24310,
92102,
606534,
71316,
680063,
322709,
489062,
508651,
727703,
4932,
962717,
261801,
235490,
526141,
464597,
402932,
874966,
38647,
874952,
45839,
11704,
415601,
62116,
857982,
270552,
916824,
195763,
580302,
746004,
21524,
756045,
291523,
168193,
951740,
719914,
221414,
46653,
682720,
358950,
287098,
98062,
129794,
881908,
346851,
420600,
496637,
184565,
806189,
309088,
377531,
767728,
366827,
268773,
434121,
416182,
768348,
451039,
141243,
400389,
984894,
844684,
413599,
366303,
934357,
710000,
76567,
273418,
169343,
158615,
568416,
529243,
951670,
163851,
111020,
222806,
504194,
403341,
409964,
164886,
575926,
50353,
511508,
824922,
306457,
791734,
320087,
389556,
7867,
266834,
297246,
972720,
832558,
973815,
121239,
173190,
347349,
801067,
554970,
942489,
318547,
433231,
214255,
964352,
296345,
369301,
786938,
248151,
706539,
243277,
1848,
988928,
829412,
876162,
983975,
920807,
857409,
642964,
740115,
287561,
65414,
115578,
996029,
530221,
390917,
879745,
664859,
29179,
329827,
76057,
815249,
516224,
879490,
870513,
447999,
282117,
551584,
896735,
378299,
362462,
817340,
339234,
384300,
372535,
481501,
22762,
485119,
960924,
1286,
484608,
96406,
119877,
704187,
639303,
226794,
466728,
267290,
197811,
192879,
541183,
268167,
222652,
389701,
778178,
899742,
611148,
412287,
154379,
337433,
4992,
952134,
614950,
433589,
431329,
973104,
345041,
9154,
159443,
328167,
410690,
560172,
475421,
693871,
765176,
473084,
948517,
614570,
240361,
179722,
221023,
147626,
82010,
660216,
954078,
201149,
362596,
306287,
480623,
83287,
860488,
659668,
443467,
401669,
605414,
411340,
6215,
34173,
927611,
417370,
829063,
955137,
974180,
513478,
63637,
3608,
143481,
279637,
12633,
91354,
456539,
103459,
724466,
917465,
677645,
625671,
368134,
418287,
830297,
850990,
99241,
713539,
776332,
611692,
378145,
692646,
551222,
41841,
676647,
964118,
829668,
416481,
585188,
119077,
122135,
541838,
176060,
864487,
751214,
219125,
660479,
490868,
826967,
129768,
750892,
720402,
453224,
704902,
796499,
533138,
751954,
654466,
379806,
584321,
21580,
628187,
604103,
324896,
403714,
679294,
288757,
885811,
87060,
226855,
208873,
385795,
36354,
231516,
898881,
439774,
41702,
697039,
118268,
230412,
401943,
317235,
190442,
324957,
211902,
719624,
422031,
941377,
125441,
242012,
242306,
342079,
656786,
665159,
449945,
879883,
749307,
66606,
635824,
810058,
281353,
708472,
819973,
867318,
608853,
972226,
800498,
793922,
198481,
252111,
325911,
485103,
672238,
18275,
144361,
995474,
392717,
308265,
39492,
69444,
12457,
212664,
816340,
606236,
194914,
216293,
303599,
343159,
206331,
524269,
434114,
86292,
987282,
562537,
404732,
764897,
816811,
377492,
46126,
637184,
432808,
314173,
515732,
838114,
66701,
621746,
266646,
560557,
793372,
913750,
139199,
420137,
292903,
651987,
157858,
270569,
362026,
443999,
588978,
211628,
609004,
482845,
598339,
943724,
794232,
272594,
899087,
429784,
760840,
28149,
808742,
150908,
768682,
820329,
173226,
259838,
368871,
855825,
786513,
156853,
789157,
5991,
734105,
30992,
467775,
111368,
973179,
861404,
95859,
640918,
222268,
715936,
615609,
964807,
950784,
754178,
897363,
389753,
968374,
610718,
821120,
792286,
306378,
944027,
672988,
926873,
576218,
614007,
548378,
768017,
654397,
235861,
391370,
186071,
824006,
663965,
823710,
378005,
730502,
314573,
385871,
434233,
802739,
521973,
875614,
307688,
331041,
901681,
465021,
247820,
203128,
229310,
227668,
970187,
948579,
240077,
792835,
541891,
376905,
420718,
462840,
88860,
83832,
739920,
787253,
105649,
4602,
765248,
112884,
732506,
666883,
539233,
715698,
694079,
6025,
422546,
926173,
303801,
179173,
339152,
225522,
277373,
413184,
607498,
811297,
72944,
868808,
668850,
394292,
222476,
571858,
676920,
171213,
231952,
644763,
711281,
329512,
351285,
780051,
494771,
276685,
458846,
5049,
966777,
610678,
821446,
987377,
766106,
169484,
260149,
593061,
734995,
209613,
626252,
667510,
743735,
805447,
323315,
568282,
637648,
84755,
755282,
704830,
396421,
479893,
959482,
970686,
221268,
144987,
937007,
325308,
550486,
583351,
737106,
6394,
867691,
786510,
157931,
532896,
826598,
799476,
776730,
880076,
278774,
144722,
821217,
457259,
39408,
464147,
693720,
401381,
382649,
327761,
999519,
109855,
139161,
573474,
276329,
191012,
338409,
598434,
318459,
285434,
296356,
162435,
476311,
603693,
909464,
183481,
749966,
642063,
191936,
516300,
201656,
689131,
210664,
715905,
546018,
316131,
780104,
941293,
966698,
331959,
675148,
495010,
785573,
992003,
292482,
316399,
207963,
915900,
656892,
295105,
36492,
597849,
473441,
576935,
840716,
777967,
974517,
832211,
423131,
836914,
82167,
969815,
804703,
457817,
685085,
646257,
624130,
582559,
423169,
657337,
88960,
269970,
105374,
482268,
782859,
592629,
336497,
57312,
402798,
324231,
58998,
922240,
724277,
122922,
592514,
77165,
468630,
621373,
398635,
559697,
214414,
619976,
455298,
660578,
643036,
913457,
287368,
813930,
307025,
551415,
689333,
611269,
935392,
897868,
236645,
77481,
618553,
633595,
655062,
699074,
195308,
595210,
945743,
191854,
987819,
397016,
308507,
43551,
240695,
286168,
915509,
869683,
295238,
273952,
584394,
195900,
715663,
851063,
393719,
285491,
474768,
988237,
422929,
531642,
245695,
879694,
420847,
442565,
232430,
398214,
394365,
426338,
330020,
785007,
972338,
942593,
961346,
764846,
669522,
319959,
181107,
408404,
523048,
101999,
172983,
671524,
849739,
346827,
476615,
895125,
92275,
784034,
463466,
541545,
229217,
486638,
318073,
238027,
123946,
926635,
957341,
331416,
912415,
737710,
123939,
197071,
355991,
939791,
35780,
238540,
578043,
559830,
663080,
637989,
609853,
688250,
573526,
122197,
698843,
978695,
276003,
180966,
640355,
528396,
838575,
224086,
25107,
941017,
83294,
488157,
280143,
234739,
580721,
907765,
556068,
212700,
353721,
675982,
339284,
191301,
168885,
732303,
793043,
699639,
312517,
352208,
266989,
901063,
675882,
320560,
245351,
522325,
703585,
641049,
45110,
414797,
269667,
242813,
367599,
654104,
894232,
287449,
573969,
573083,
543358,
672556,
761778,
790474,
576012,
391509,
766952,
37858,
703952,
840146,
317102,
663313,
350256,
302864,
950748,
559829,
316929,
885671,
926884,
151033,
956089,
578319,
502372,
55085,
844569,
657020,
327419,
774068,
215327,
53274,
165384,
216655,
895964,
658815,
392139,
303725,
95260,
29266,
941438,
786762,
687815,
58178,
892211,
38872,
6715,
115420,
564035,
655450,
536531,
558684,
521553,
702061,
270836,
579324,
186889,
813889,
864478,
879657,
748146,
273325,
52520,
620251,
967986,
255772,
124459,
778658,
730026,
524315,
808795,
410560,
736913,
585868,
860621,
911013,
350251,
583294,
237397,
810871,
302920,
826197,
552138,
948170,
734002,
381149,
87066,
393025,
242100,
73720,
248576,
757481,
949825,
122392,
454520,
246599,
587755,
696011,
702158,
577157,
779146,
361064,
568478,
293138,
886852,
641390,
309204,
861978,
65678,
37161,
44459,
212306,
15931,
839468,
206409,
80465,
902010,
184219,
45607,
337771,
89645,
414134,
357355,
783782,
537334,
818133,
314957,
793240,
903549,
505388,
903516,
830608,
708649,
699265,
199279,
423050,
84479,
692437,
511157,
134111,
457774,
444789,
28139,
532892,
896668,
807831,
566437,
122276,
330625,
459982,
37020,
248792,
67871,
818267,
899530,
598012,
105391,
734981,
194458,
525857,
299185,
303968,
623420,
491902,
405671,
283285,
314315,
342649,
811594,
877953,
250020,
482420,
811970,
410045,
768287,
10140,
381026,
824589,
566239,
168376,
925405,
175224,
761939,
701364,
634818,
691110,
386807,
885006,
486755,
335914,
961423,
48070,
86376,
857017,
70184,
808139,
348386,
924242,
686843,
49160,
302490,
183669,
945556,
664348,
556462,
643411,
428375,
855864,
566490,
830535,
382,
373785,
734921,
171713,
556800,
88973,
658337,
4709,
877084,
445620,
270537,
703375,
46873,
899754,
795861,
812551,
535591,
80055,
570775,
607294,
346257,
834872,
214043,
613413,
1960,
591346,
716050,
449744,
746121,
576177,
742262,
603256,
995594,
491003,
258024,
132811,
739061,
515952,
622935,
448716,
357570,
459647,
694067,
342342,
458106,
943571,
592617,
847809,
676499,
393921,
307201,
814178,
33055,
316616,
246745,
28308,
793207,
334667,
805610,
747215,
124201,
360821,
461119,
301741,
491775,
930852,
208706,
54869,
62066,
10993,
629210,
483522,
810782,
801097,
117955,
857587,
756775,
886329,
629213,
130697,
412538,
34139,
149935,
813785,
74650,
465837,
353152,
331104,
56069,
723413,
243069,
482844,
516277,
634035,
331193,
474759,
488620,
839352,
391234,
313648,
659109,
662221,
296437,
193971,
787920,
535511,
769581,
349431,
929265,
795123,
155398,
725497,
235678,
369892,
989976,
685160,
345451,
875429,
588854,
398409,
142668,
868078,
449764,
194389,
465891,
861701,
668682,
859322,
397319,
662170,
447574,
550614,
434903,
939644,
629964,
822224,
372060,
575133,
996535,
627536,
773818,
943559,
910094,
40552,
949845,
893456,
799680,
478024,
249709,
815643,
10542,
313029,
551318,
682768,
541054,
921977,
40585,
2551,
3449,
306708,
33638,
340490,
371368,
403307,
443723,
917808,
109773,
964844,
875387,
807641,
190559,
929097,
216996,
305367,
560286,
643108,
991972,
65425,
336322,
126840,
66121,
619287,
124378,
587313,
447439,
699344,
700265,
201084,
787460,
772476,
999493,
649075,
754715,
20118,
606310,
629888,
138102,
966636,
260253,
837801,
411449,
46829,
422748,
703922,
329328,
604545,
194969,
386862,
778479,
25665,
587685,
154455,
810205,
429754,
497142,
332117,
689977,
15344,
348067,
445232,
110434,
23501,
745898,
348993,
86112,
847851,
609103,
839077,
257291,
529894,
589853,
916547,
479855,
715783,
764927,
784447,
862004,
788502,
905470,
59972,
558929,
749131,
33039,
692983,
456800,
167743,
206677,
76347,
975857,
900572,
776019,
315754,
618247,
854472,
767416,
824297,
226628,
384950,
470743,
628227,
569901,
183605,
39796,
967810,
842975,
829262,
43283,
263778,
544747,
160865,
870306,
317941,
242541,
264786,
502689,
175518,
966995,
58075,
936594,
945413,
956383,
796714,
994587,
855668,
632029,
99436,
498187,
459281,
314913,
343021,
761759,
9180,
118420,
144978,
259239,
597539,
803311,
678530,
738379,
784916,
723261,
520511,
318150,
347280,
658258,
834309,
742929,
957353,
892508,
629115,
45783,
374554,
533692,
239498,
31211,
236762,
499387,
372368,
264138,
76328,
114951,
814831,
268297,
87226,
145525,
742467,
733277,
556429,
984662,
863695,
718856,
556202,
458662,
4008,
65794,
308686,
77619,
986237,
536921,
327880,
519276,
344602,
369696,
183392,
21776,
103782,
395442,
528923,
203021,
210803,
244909,
201132,
333838,
242928,
549548,
971087,
198173,
507787,
744350,
989276,
464956,
825104,
893902,
790917,
939067,
44875,
725908,
162327,
857432,
512973,
665155,
481258,
101492,
282384,
563804,
380930,
63274,
796774,
642040,
500526,
671048,
486218,
511422,
165759,
645301,
710223,
990571,
569637,
721243,
548509,
274643,
695145,
255777,
593154,
502769,
599372,
579198,
174276,
952316,
146567,
519007,
497620,
83071,
316882,
441233,
534393,
313809,
515011,
53376,
449332,
358684,
910878,
683328,
632209,
63394,
258494,
17146,
113406,
791872,
30382,
468651,
807521,
844696,
37056,
697676,
108031,
863487,
550647,
872306,
368994,
987129,
293586,
659119,
489550,
688476,
557113,
458344,
343594,
423020,
3462,
256331,
182779,
726997,
839310,
366691,
793782,
761451,
529987,
880139,
907108,
95023,
340565,
313583,
91110,
674536,
725981,
791988,
10750,
70886,
568043,
148204,
955877,
710384,
700357,
403622,
379890,
214790,
673915,
599658,
514363,
12212,
37585,
269742,
561455,
233339,
734564,
152162,
652743,
842866,
829108,
427747,
385763,
867962,
584277,
977469,
4565,
596205,
106146,
194447,
935981,
382689,
877209,
951367,
886593,
413497,
168716,
779455,
209806,
556990,
55922,
393562,
980856,
921808,
463431,
574520,
116121,
43620,
941858,
977028,
127189,
997627,
146296,
68755,
969351,
666496,
742828,
594821,
248163,
212783,
530408,
271077,
29116,
97327,
103934,
5281,
966764,
833394,
769034,
427885,
101015,
135053,
445073,
594718,
485337,
652031,
295823,
898107,
621822,
593768,
724899,
87739,
830073,
142961,
61106,
221043,
696913,
295268,
753928,
649950,
238297,
265204,
19559,
305511,
992050,
346418,
82564,
212312,
150821,
680282,
711087,
883893,
360801,
578270,
788765,
684593,
177297,
658714,
946725,
935871,
453781,
370318,
702503,
278400,
944133,
647470,
475065,
592615,
579070,
134505,
642708,
167603,
555272,
743195,
959807,
217024,
443267,
397017,
596814,
533952,
800696,
112363,
988128,
759592,
684206,
159362,
246328,
304396,
54264,
908329,
849716,
424570,
133226,
624182,
847038,
534999,
514432,
489534,
417355,
714692,
250868,
192977,
645212,
903171,
214224,
332795,
230188,
957788,
102140,
574414,
471592,
782767,
151657,
324578,
999173,
741669,
934059,
219327,
640084,
865195,
577052,
507163,
408984,
639773,
479385,
169503,
110462,
251179,
969955,
933588,
365700,
267452,
797195,
280489,
149414,
942202,
603517,
326443,
292224,
521526,
960021,
806425,
231162,
568815,
966665,
360405,
495872,
320667,
66860,
581466,
248539,
108857,
644838,
474280,
787055,
277933,
273967,
556307,
807648,
51870,
94877,
116574,
399562,
730487,
951265,
926505,
170438,
372720,
591257,
165101,
152577,
288444,
57552,
643771,
958204,
320134,
210202,
120685,
326563,
265061,
764221,
177961,
106628,
282903,
981255,
697050,
699241,
646970,
695251,
832086,
152329,
561889,
590212,
914020,
675260,
307271,
738307,
670025,
140016,
973171,
732909,
153191,
716583,
422296,
293089,
134300,
892921,
465699,
609512,
580483,
176298,
884073,
172648,
395722,
351392,
721553,
681784,
385663,
844602,
888673,
976202,
846688,
954728,
618950,
762599,
539961,
550361,
407571,
656096,
378318,
967793,
75392,
177800,
408225,
680118,
297379,
527068,
434966,
900632,
130158,
341406,
522679,
483207,
221942,
587012,
441095,
536195,
43396,
991333,
542338,
966161,
209660,
653577,
357971,
407024,
94220,
638817,
194215,
856259,
614917,
621121,
278551,
106543,
637263,
868154,
928749,
311979,
299209,
838786,
740050,
618306,
125116,
943217,
556335,
522328,
708449,
76467,
713495,
317157,
874864,
769447,
723661,
169776,
341817,
279315,
56671,
586033,
424489,
670559,
813882,
743424,
998561,
35843,
148459,
141814,
899926,
66867,
249425,
827222,
933298,
717876,
76495,
170533,
278,
614316,
215952,
486044,
565883,
333596,
774118,
759320,
729321,
734928,
996973,
263240,
967543,
88271,
51682,
765829,
526501,
538022,
464819,
743385,
352378,
896685,
344913,
103328,
317955,
323535,
884118,
907600,
319388,
94543,
906238,
166594,
498008,
20718,
137232,
576299,
213588,
745401,
490678,
407623,
57607,
874698,
708834,
698181,
789444,
846358,
726457,
721486,
85593,
612031,
338459,
11187,
64779,
257851,
222681,
85769,
491695,
69652,
978637,
194315,
842272,
566358,
836624,
896889,
928128,
32619,
4454,
300730,
462746,
18230,
762818,
786587,
709164,
310079,
300903,
311755,
52324,
756349,
360063,
679442,
121576,
491908,
660702,
728978,
849682,
548683,
277746,
912506,
261231,
481398,
529619,
864134,
764226,
257799,
366010,
578643,
857669,
478994,
673788,
836471,
5195,
744071,
819993,
105033,
577219,
451731,
839701,
873740,
103273,
829729,
687709,
975580,
992939,
755969,
425274,
449925,
673834,
242524,
699239,
964461,
189638,
440494,
286814,
947754,
611158,
930418,
881582,
321503,
978268,
90863,
461856,
159752,
893413,
97582,
70433,
54251,
202195,
410018,
505784,
273223,
886247,
938271,
943867,
131809,
617622,
377222,
477261,
640045,
965900,
19444,
359565,
608805,
232495,
123701,
817217,
635161,
247020,
617451,
938781,
30759,
705452,
349996,
119394,
896443,
719233,
607289,
303795,
123568,
287032,
914400,
24611,
441152,
100465,
257636,
587932,
323729,
50830,
599546,
552116,
878865,
494211,
803869,
882581,
535734,
995446,
318172,
51166,
801017,
447285,
735991,
100505,
72085,
844827,
204185,
135358,
265254,
426503,
226392,
829793,
822833,
613321,
789678,
167452,
134392,
761645,
265477,
456308,
928781,
488311,
637257,
398134,
291255,
636686,
691251,
717856,
921344,
16525,
738565,
114799,
64363,
349755,
709627,
896596,
126674,
20322,
344127,
380343,
431495,
666836,
979256,
522596,
922437,
936407,
177547,
854940,
219086,
285478,
376394,
278668,
803944,
919590,
671551,
944137,
794925,
756835,
485914,
60176,
45335,
155423,
777221,
302729,
270476,
564907,
868071,
511137,
765166,
686589,
179460,
979548,
161158,
122086,
242717,
820265,
301262,
548778,
50847,
816109,
529955,
223003,
306003,
670436,
927913,
797806,
518697,
320211,
312148,
703919,
951694,
78201,
178353,
856674,
88796,
763171,
961797,
331941,
61059,
228395,
906839,
796076,
550181,
584668,
858574,
397634,
774584,
376780,
571842,
598952,
251053,
156160,
209792,
623700,
386349,
975607,
710461,
414286,
504386,
615210,
686504,
201360,
477876,
857523,
65576,
311290,
354703,
713717,
3484,
333986,
433077,
987845,
487343,
389631,
349078,
110116,
853938,
280471,
528472,
148108,
344553,
916759,
259516,
961234,
423634,
857805,
397365,
857555,
989563,
288858,
29623,
296324,
195452,
89006,
685999,
953360,
398016,
23380,
858247,
251406,
892567,
544308,
736038,
788588,
422746,
839256,
151320,
306785,
847300,
992698,
659398,
147593,
145217,
223963,
810561,
291291,
703836,
211575,
238579,
210624,
819555,
558154,
592357,
276482,
673932,
995721,
592147,
773618,
684165,
350641,
87764,
272814,
435767,
62657,
296443,
263147,
671827,
928178,
467586,
755440,
254496,
460932,
147670,
569718,
643831,
886969,
232075,
109532,
468568,
4936,
203154,
27673,
129667,
98126,
279960,
417611,
179502,
649846,
972392,
690263,
844854,
64801,
725765,
500151,
137665,
327170,
737240,
835581,
975161,
76414,
957883,
946476,
933294,
854047,
117233,
270551,
65083,
202684,
64863,
390621,
149562,
292543,
263451,
40122,
573893,
774671,
879851,
86848,
397160,
475194,
637080,
740039,
925132,
629995,
687834,
869772,
762016,
926397,
647788,
562390,
535086,
424682,
877815,
696873,
475889,
31358,
378750,
444206,
608581,
728954,
957113,
801794,
518225,
358103,
680249,
330131,
639079,
568837,
674514,
408712,
751683,
83788,
870105,
506017,
990787,
249793,
500428,
474046,
285709,
738823,
713163,
254402,
784922,
172957,
152465,
808051,
485595,
907857,
976351,
890487,
22342,
793794,
397069,
696234,
446222,
421398,
133429,
906252,
414092,
921186,
73317,
750866,
404488,
217262,
82084,
178765,
856902,
128311,
28674,
622104,
530054,
381560,
98355,
740344,
138808,
170089,
226215,
423833,
369913,
95896,
97840,
89084,
239009,
366412,
851148,
474593,
633845,
51545,
278633,
39361,
221510,
66321,
66661,
613615,
942704,
15587,
353103,
271735,
159461,
807877,
934854,
409387,
203644,
635192,
772176,
227248,
319106,
128668,
731220,
311826,
808440,
615105,
723926,
582734,
520223,
858352,
606234,
276096,
254986,
381775,
592526,
230347,
61228,
819339,
995982,
727863,
186751,
964719,
125624,
344973,
949789,
599330,
265518,
298147,
226325,
239874,
301650,
157290,
345248,
137668,
387140,
393316,
940665,
206952,
541428,
886796,
546374,
922849,
857364,
528773,
348027,
534413,
447525,
607037,
136714,
698954,
496231,
112559,
746719,
56423,
111610,
59106,
324423,
903495,
522578,
330418,
170036,
811734,
336133,
61446,
286684,
86718,
378434,
95056,
157217,
678843,
131307,
531053,
947694,
759959,
976235,
772212,
869188,
7256,
910026,
970748,
960297,
487259,
2648,
93493,
320569,
435902,
24812,
709950,
191870,
544288,
599634,
948396,
628855,
219705,
76369,
209707,
529193,
488505,
649995,
328227,
734220,
569724,
617157,
835618,
497694,
6641,
791125,
479666,
232716,
786460,
492966,
885363,
346906,
295934,
650486,
958263,
939823,
69802,
264749,
744004,
903111,
464048,
353129,
781817,
105244,
899313,
421940,
651955,
966826,
277192,
557101,
16077,
788753,
636671,
209113,
17873,
263873,
818047,
274518,
137245,
210901,
452172,
814366,
212158,
90901,
143454,
761556,
505773,
601972,
74231,
815985,
481732,
627871,
594469,
350756,
269893,
6511,
436306,
780075,
143536,
635339,
904919,
775083,
201705,
71322,
718755,
355397,
7480,
676361,
27930,
689435,
6365,
117872,
303319,
758069,
519052,
173245,
906749,
9631,
186664,
818801,
610128,
200984,
946451,
588728,
132012,
746803,
684358,
180750,
997932,
291282,
865532,
937154,
272540,
28014,
54105,
677318,
142298,
546152,
131990,
930247,
405814,
849259,
970178,
775969,
251906,
209894,
82633,
216329,
147245,
375068,
432029,
681008,
985356,
83642,
924379,
474657,
966145,
943890,
226367,
60192,
893971,
418543,
13358,
520619,
321598,
741056,
936461,
143146,
535965,
281202,
165837,
613580,
446237,
897909,
35072,
334267,
150295,
414005,
691449,
586333,
805955,
994946,
535234,
990339,
245539,
142285,
471258,
181421,
804056,
250453,
422794,
896160,
493299,
579107,
853420,
661565,
373413,
962094,
41812,
504594,
507593,
210061,
287454,
536194,
814693,
400723,
397613,
609991,
343360,
519580,
631971,
468411,
239916,
937873,
562422,
422498,
88056,
370179,
729780,
758644,
965567,
327049,
973414,
109041,
457236,
703005,
666461,
200379,
800041,
645036,
888342,
308411,
896890,
346042,
211349,
719119,
599794,
710238,
654615,
744157,
68991,
62494,
119981,
858023,
470649,
824428,
499614,
382254,
927245,
63744,
175662,
808354,
859015,
22385,
245056,
237976,
884803,
107153,
467496,
935108,
835385,
345228,
656751,
64369,
822812,
893774,
300949,
368266,
762993,
364409,
165076,
845006,
482039,
934736,
964388,
57305,
955294,
64942,
339722,
804326,
196186,
945210,
910005,
256047,
684487,
596984,
100902,
555448,
972459,
925684,
331377,
326789,
649869,
447927,
162757,
121988,
876900,
428436,
980099,
469400,
69303,
901450,
469091,
107745,
759608,
105104,
937094,
505536,
166852,
955751,
297133,
840457,
246498,
453796,
752359,
680137,
651615,
34294,
566577,
546774,
672130,
180963,
894127,
818501,
57049,
480533,
249370,
175803,
390055,
797992,
720945,
538702,
526631,
233659,
288602,
810965,
111100,
528758,
564829,
538223,
39918,
128542,
110687,
198596,
64585,
586728,
223741,
753397,
290174,
542214,
372837,
288012,
94780,
964126,
869801,
366133,
702070,
407850,
681790,
528548,
830318,
720943,
355391,
910133,
644426,
892393,
147139,
242092,
337513,
442543,
331242,
697685,
238142,
639271,
390876,
892822,
368716,
391611,
26366,
830437,
213126,
421994,
585939,
475433,
481193,
388001,
721285,
395050,
577469,
211607,
574907,
805807,
661405,
767832,
851400,
726350,
826614,
821952,
468095,
225454,
937705,
346504,
372790,
715616,
281080,
361431,
434867,
425309,
698813,
615023,
641,
937551,
133842,
252814,
575434,
242013,
206664,
399851,
104630,
237325,
814076,
438092,
902087,
845881,
93753,
746802,
545644,
494858,
744232,
518375,
673188,
650394,
579240,
283548,
964677,
733088,
795451,
189822,
554376,
83587,
77193,
802848,
258627,
665792,
322201,
23535,
630135,
848949,
802178,
203862,
239658,
456223,
586979,
474632,
651329,
889489,
725388,
477844,
376894,
402248,
310164,
130849,
374093,
481749,
463808,
288000,
845217,
757316,
262230,
167856,
215975,
182510,
396184,
449083,
627919,
944107,
314291,
907344,
380697,
374602,
568728,
32358,
358751,
601169,
563515,
825374,
401164,
269512,
736903,
665185,
703493,
649176,
89747,
801434,
750936,
62996,
197941,
931726,
999411,
166179,
415347,
703334,
535633,
848046,
26885,
656503,
876235,
253058,
335901,
486930,
519709,
751553,
15916,
876083,
549489,
484787,
339205,
293922,
716370,
121979,
355364,
652890,
736209,
506571,
874194,
24852,
960566,
932863,
329246,
339552,
175017,
605037,
910328,
379922,
620027,
798220,
378654,
90310,
660044,
143190,
350310,
743542,
66186,
772331,
205514,
743938,
534691,
52110,
179889,
921175,
516392,
967962,
8838,
192236,
212983,
203985,
710768,
524220,
750797,
964888,
969489,
178619,
704138,
132174,
46263,
817449,
870810,
233755,
609080,
981674,
417942,
992917,
84796,
346872,
631393,
340881,
216823,
182348,
567946,
141268,
684612,
687469,
702863,
286035,
284067,
458157,
834117,
255010,
797499,
646377,
940776,
195519,
993798,
364112,
197836,
245546,
365759,
896324,
351010,
502504,
332354,
484950,
37265,
202025,
886374,
180486,
687405,
298447,
9338,
982971,
328782,
208788,
477780,
941588,
576611,
947570,
997910,
74986,
496365,
502482,
961810,
94242,
183339,
780613,
658499,
144485,
485804,
265961,
974437,
430035,
906357,
327332,
460921,
493471,
16241,
58712,
816270,
910551,
771337,
573204,
367907,
372518,
639437,
474666,
648482,
143860,
114275,
358451,
576988,
346022,
533375,
887942,
643526,
435200,
73621,
430733,
187712,
216777,
236330,
615817,
279661,
515797,
846929,
927705,
337882,
651214,
751056,
248125,
659759,
44797,
798117,
638313,
204555,
540417,
352057,
799088,
934720,
529609,
358662,
704245,
932974,
531048,
71743,
767345,
530839,
815047,
128752,
39654,
132905,
116459,
165532,
502758,
284295,
29769,
818671,
201465,
663088,
184683,
281280,
496917,
229445,
906993,
734003,
970888,
75892,
829171,
487955,
127968,
274632,
731069,
221632,
769168,
641285,
454883,
821566,
314629,
82988,
696785,
797805,
525201,
599152,
466357,
191679,
777617,
3581,
176471,
188510,
852019,
687573,
1499,
687976,
815050,
670948,
321255,
683149,
157906,
723426,
977979,
693058,
917095,
197950,
812383,
122505,
913830,
286098,
76092,
544534,
370160,
527515,
617472,
177127,
173098,
328325,
443275,
662169,
745784,
877890,
129486,
57431,
184494,
653677,
77414,
766841,
340443,
331063,
560136,
791454,
804182,
996054,
997577,
678955,
146227,
299148,
964213,
703910,
651805,
360112,
554929,
460850,
266567,
988459,
54960,
262128,
390911,
663234,
207607,
166012,
215025,
819232,
738464,
152114,
812759,
249602,
802862,
713304,
577367,
491349,
652650,
967930,
900531,
869994,
677812,
576783,
401607,
935016,
743175,
966359,
208243,
332009,
486157,
343615,
462164,
407405,
931719,
642445,
940529,
693850,
846956,
999669,
256463,
37534,
930321,
495749,
363368,
482774,
968706,
984473,
537348,
511380,
74611,
714843,
83398,
953071,
644182,
636836,
591233,
479785,
366080,
86880,
285987,
560727,
248082,
53406,
152769,
953075,
798231,
596716,
496433,
68652,
415102,
247580,
739680,
467608,
120848,
799462,
580292,
943835,
990402,
955360,
947963,
784748,
502914,
365296,
158992,
471246,
345671,
687199,
321723,
174439,
442391,
750827,
171801,
165677,
563428,
464821,
116432,
204331,
644706,
305351,
731500,
17208,
19337,
8755,
133797,
255140,
627021,
914045,
763365,
655183,
773911,
411123,
125139,
647348,
335490,
660005,
612647,
53118,
402290,
954816,
285572,
682172,
229711,
17840,
959088,
638708,
940588,
288271,
961513,
46205,
27319,
634943,
895714,
875167,
78329,
867455,
470892,
