tweetid,sentiment
169760,2
35326,0
224985,1
476263,2
872928,1
75639,1
211536,1
569434,1
315368,2
591733,2
91983,-1
67249,-1
143459,2
663535,1
20476,0
815297,0
274098,1
30045,2
681487,0
708966,2
393689,2
186705,2
233977,0
525794,1
863649,1
315964,1
588985,-1
669979,2
137059,-1
556915,1
951973,1
72939,-1
205796,1
478581,1
453375,2
555551,1
219030,-1
546209,-1
416919,1
433824,2
621526,-1
616108,1
70943,-1
153248,-1
854719,1
616444,1
118418,2
846132,-1
443106,1
758958,2
376412,2
667731,-1
222107,2
349545,1
284026,2
564727,-1
522979,2
460970,0
371750,2
251299,0
485211,-1
502976,1
623282,-1
217605,0
225330,-1
58854,-1
723671,2
366409,0
704565,0
655925,0
717618,0
922449,2
729885,2
599133,2
89885,1
249039,1
440750,1
18663,2
314549,-1
643414,1
61835,2
659073,1
178597,-1
152298,2
581943,1
781913,1
336886,1
624852,1
655116,2
5591,-1
731620,2
872882,2
320393,1
353463,1
816508,2
636325,1
53058,2
725589,-1
693559,-1
66255,1
218797,0
307092,1
188557,0
137392,-1
597086,1
96006,-1
330509,2
78639,-1
536231,1
304814,1
553696,0
455898,-1
745466,2
846719,2
722710,2
989172,2
492079,-1
315869,1
32675,1
959684,-1
641938,1
933443,1
458401,1
554994,1
461467,1
902353,-1
178794,0
387356,-1
380276,2
824355,-1
685606,-1
85488,-1
50608,1
447977,-1
943930,2
183083,1
359626,2
810128,-1
380913,0
516209,1
993538,0
594772,1
22428,-1
991876,-1
504172,2
283272,1
914599,0
752129,-1
701957,2
858489,-1
221704,2
409406,2
468372,-1
818509,0
204729,1
394896,1
397593,-1
465474,2
450344,2
502719,1
816499,1
291002,-1
301225,2
402773,2
81233,2
642569,1
900041,1
67900,-1
237131,0
311030,1
975455,1
69232,1
156024,1
268543,2
586693,1
709157,1
582003,0
689136,1
953619,2
971710,0
809619,0
595597,-1
274499,2
771063,2
597739,2
110053,2
723442,1
881554,2
704923,-1
822018,0
505322,2
120776,0
404757,2
811053,-1
317696,-1
734766,1
841196,2
400682,0
649511,-1
740566,2
798359,1
861578,0
5417,2
609894,1
174874,2
227482,1
316886,2
112798,2
44507,1
444423,1
878768,1
951095,1
970445,1
208227,1
545402,0
498559,1
454769,2
490905,-1
343981,-1
891649,2
794296,2
669149,2
104997,1
54711,2
756770,1
632633,2
882503,-1
604089,2
37591,2
304290,0
167356,-1
398680,1
268980,0
485450,2
246743,-1
83632,-1
804653,2
614272,1
699619,-1
128361,-1
617614,1
756863,2
550624,2
971913,1
597102,1
468901,1
512603,2
869,2
135515,-1
471002,2
76054,1
835455,0
593722,-1
209903,-1
311687,2
38624,-1
140169,2
50739,1
134179,-1
368885,1
955073,-1
642519,-1
849811,1
377434,-1
61946,1
128149,-1
545779,2
145812,1
839220,-1
23630,2
631635,2
659284,1
636800,0
246233,1
224961,-1
227170,-1
24500,0
444613,2
173797,-1
183700,1
305251,-1
487336,0
521403,2
741971,-1
171732,2
354162,2
572875,-1
337961,1
39327,1
666488,1
686787,-1
248289,1
644357,2
106812,2
492300,1
929522,-1
827492,-1
92888,-1
748860,-1
544547,1
970736,1
805808,1
320551,1
210944,1
109631,-1
251292,1
170364,1
948426,2
780776,-1
693604,1
799998,2
373943,0
593149,2
264289,2
479344,0
820909,1
492817,1
831733,1
405413,0
685176,-1
982870,1
92655,0
929710,-1
365298,1
597644,1
908494,1
532450,-1
431470,-1
261786,1
126953,1
157454,2
911863,2
968491,2
341684,-1
868000,1
937870,2
196243,2
749947,1
10201,2
861465,2
418775,-1
561942,1
61831,2
224428,2
470738,1
694377,-1
557591,1
504856,0
988980,2
811937,-1
78955,1
166783,1
2520,0
268418,2
911873,2
380946,0
841067,-1
760341,2
872864,2
833511,0
795400,0
947288,1
97754,-1
848402,0
77036,2
280663,-1
654324,1
105628,1
227665,-1
169839,1
334216,-1
502105,1
174279,2
193681,2
457324,-1
562231,2
254480,2
432635,0
916814,-1
217862,1
454694,1
512554,-1
249736,2
979904,-1
841942,2
141852,2
279014,2
511552,1
502057,0
822243,2
586976,2
870627,-1
809260,1
258979,-1
342572,1
833715,2
63205,1
327,1
286773,2
831328,1
265516,2
988076,2
92963,2
813089,-1
372840,2
460869,2
700900,2
54421,1
83811,-1
932229,2
14731,2
416245,2
91717,1
37782,-1
168950,1
791767,2
612474,1
863569,-1
833620,2
831050,0
327186,2
70954,-1
744906,-1
410805,1
321290,0
560166,-1
199999,1
520958,-1
486093,-1
433768,1
170942,-1
97769,2
574580,-1
427983,-1
536786,1
64572,-1
932658,-1
875904,1
388184,-1
448406,-1
280094,2
196585,-1
297123,1
583405,1
749358,2
8540,2
92130,-1
682459,-1
493774,-1
81514,-1
937131,2
683822,1
181932,0
185061,1
718905,2
467768,2
50360,-1
37282,-1
324725,-1
587613,1
759085,-1
995304,0
62430,2
959472,2
134816,1
443799,1
84144,-1
626595,0
382192,-1
249680,-1
209100,2
505060,2
510212,0
454150,-1
900706,2
355447,1
415557,1
431394,-1
796461,2
551013,1
71926,2
260753,0
883406,1
973790,1
673020,0
573493,1
850799,0
596499,0
430720,2
970612,0
645141,1
122672,1
572212,2
590281,1
185082,-1
643999,-1
276142,-1
522428,-1
242869,-1
859835,2
179238,2
830861,-1
659715,2
742214,0
44768,2
156753,-1
689726,1
659825,-1
805236,1
484743,2
843791,1
401342,-1
268165,1
450971,-1
969588,2
493909,2
775367,1
102955,1
356595,2
860992,-1
478186,-1
235851,0
859554,-1
383555,1
568803,2
522415,0
493050,-1
568528,-1
371027,2
554560,1
969599,1
70097,1
898167,1
483103,2
773089,-1
436540,2
214657,1
824653,2
132616,0
962166,2
357327,-1
183595,2
338190,2
821753,1
782634,2
355771,2
102889,0
335544,2
417438,2
99418,1
774033,-1
151834,2
573075,2
675187,2
488287,1
317596,-1
848773,0
177318,-1
743728,-1
166017,0
668192,1
242646,2
572824,1
516374,1
569974,2
368987,1
35989,1
439267,2
425036,2
978741,-1
161511,2
158819,0
225262,1
398562,0
940439,-1
657384,2
348631,1
950221,2
390207,1
633050,0
45603,1
892219,2
763551,0
219247,-1
78219,2
106376,1
664990,0
61204,1
444521,2
162744,1
10394,1
107336,1
400960,-1
157258,2
762553,-1
398197,-1
513701,-1
450710,2
192494,0
376697,2
466375,-1
600809,1
337306,-1
597597,-1
282282,1
619747,2
848426,0
468720,1
954154,0
544640,-1
192358,1
768797,1
817583,1
864589,1
104220,1
725297,1
973859,2
942269,0
145192,-1
965827,2
861437,0
296887,-1
817495,-1
273994,2
799474,0
177872,-1
532392,0
770417,1
706812,1
193396,2
863034,2
967152,2
948038,1
608126,0
412897,2
970466,2
604868,2
94532,0
820173,-1
833762,2
604371,-1
961064,1
419528,2
79982,0
564369,2
489017,1
887262,1
402712,-1
963864,2
854765,1
331759,1
26332,0
238943,-1
431614,2
329434,1
680680,1
39578,0
670432,2
371166,0
686203,0
118985,1
263823,1
275604,-1
390449,2
553573,2
159171,1
172630,-1
867879,2
555667,-1
107607,2
671813,1
29467,2
424298,1
247885,-1
66440,2
794065,-1
383354,1
73974,-1
597362,2
873587,1
755011,-1
736998,0
117248,-1
692018,1
813376,-1
834684,2
546314,1
876985,1
207998,1
110340,0
715656,1
88611,2
716533,0
269830,1
661339,2
96822,-1
101833,2
548873,2
432375,0
963943,1
105738,1
814952,2
933283,1
476266,2
713154,-1
729178,2
739461,-1
46459,0
564711,1
9295,2
89381,-1
997108,2
434160,1
632113,0
349480,0
981685,-1
891296,-1
795819,1
22856,2
176472,0
760306,-1
364909,1
593804,2
307467,1
610642,-1
129662,0
569359,2
561862,1
423167,2
840583,0
683275,0
190548,1
958471,-1
740052,-1
631040,-1
976028,2
990527,1
58802,-1
406698,0
166458,-1
758638,1
864544,2
937863,1
839640,1
43118,1
554437,0
24114,1
594987,2
2994,2
983985,1
738824,1
578675,1
246789,1
459925,2
723464,2
939557,2
962770,-1
432283,0
295172,1
354011,2
917171,1
368282,1
799357,1
218943,2
354686,0
180377,-1
979574,1
457365,2
855074,2
527673,1
785117,-1
973760,-1
928581,-1
56229,-1
489025,-1
43190,-1
563462,2
972585,2
593576,-1
327139,0
615819,-1
538945,2
967095,-1
993681,1
568295,2
969003,2
644408,-1
956047,2
525657,0
56665,1
617655,-1
838447,-1
931195,-1
577981,2
870874,1
480174,1
695290,1
645362,1
475332,-1
78586,-1
792010,2
600177,0
579760,-1
733217,0
130633,2
246139,-1
83570,-1
233932,-1
65704,0
720328,-1
182815,1
992508,-1
582996,-1
712952,0
217793,1
960416,1
387077,1
62147,-1
158157,1
16196,-1
211659,1
368185,1
681044,1
368951,1
200078,-1
947641,1
591630,-1
60500,1
257401,2
478713,-1
735450,-1
633125,2
610055,1
632978,-1
365076,2
875539,1
758419,-1
709088,-1
768261,-1
209509,2
127305,-1
121053,-1
19558,-1
801712,1
837454,1
541857,0
11629,2
10359,2
66175,-1
23284,-1
211731,1
32828,2
300306,0
798465,-1
429350,0
96211,0
287991,1
580986,1
782530,-1
446353,1
404665,1
971456,2
503290,-1
675704,1
225076,2
593471,0
481167,-1
161297,2
270003,-1
411180,2
271499,2
672109,-1
602150,2
575468,2
181408,2
161726,1
977902,1
788232,-1
725006,2
722658,2
600224,-1
793349,-1
451620,-1
424135,2
88627,0
806009,1
192064,2
685562,2
284646,0
715307,1
883501,2
842439,-1
33587,2
730304,-1
87268,1
494947,1
557924,-1
351002,-1
361958,2
624214,-1
513910,2
506543,2
778056,2
357156,-1
370081,1
880261,1
509403,-1
580774,2
837095,2
560337,-1
132783,1
304998,2
819879,0
849455,0
346200,0
625746,1
677462,-1
107732,1
277516,-1
119700,1
219147,-1
773453,1
813113,1
121431,1
258442,1
15784,1
491379,2
767093,-1
508244,-1
711697,2
78517,1
592053,-1
723025,0
310230,-1
751878,2
617843,1
265859,-1
410288,1
708448,2
254072,0
791956,1
515974,-1
972791,1
330960,-1
126876,-1
316154,-1
179087,0
586916,-1
70846,2
752225,0
404604,1
836527,2
678059,2
333311,2
74980,1
477908,1
506657,1
980875,2
805679,0
193548,1
818493,-1
625918,-1
215713,1
126166,1
709380,1
570628,2
898663,1
103967,-1
934788,2
327499,1
953095,1
592527,2
488806,-1
531595,0
899135,2
661210,2
311285,-1
956537,-1
536614,2
518252,2
101697,1
136250,0
571656,2
614530,0
506382,0
990558,1
414640,1
757228,1
741160,1
80801,2
14077,-1
44115,0
782491,1
141116,2
758470,0
111565,2
108937,2
333960,1
495632,-1
855633,1
387274,2
944823,2
676644,1
674904,1
706197,1
751823,2
534701,2
776680,2
856934,1
838992,-1
73072,0
592976,-1
120301,2
477557,1
331101,-1
587789,1
106773,2
714124,-1
772086,2
656418,1
372287,-1
481477,2
938734,-1
922926,2
339447,1
325978,-1
42066,2
382638,1
16052,1
450371,2
450653,1
299753,-1
643564,1
975417,-1
890333,2
759258,1
82004,2
187640,2
790339,2
760264,-1
34404,2
387284,2
111495,0
263613,2
811478,-1
615025,0
709431,2
815398,2
429819,-1
55201,1
918786,2
505250,2
811168,1
616510,-1
810332,-1
778191,0
644140,-1
614087,1
350693,1
224411,-1
187760,2
673695,-1
624957,2
682615,1
674916,2
404402,1
53072,-1
48112,1
785837,2
184816,1
230210,2
915999,0
376465,1
194186,1
106745,-1
992715,2
274295,1
841614,-1
855159,2
369248,-1
400854,0
232119,1
770087,-1
61801,-1
582837,2
696188,2
710747,2
943396,0
943553,1
957958,2
170910,2
680524,1
565587,2
749902,2
748072,-1
937512,-1
130999,2
342929,1
406526,-1
281624,2
111021,2
898463,-1
920547,-1
300268,2
6377,-1
150851,-1
836682,1
975094,0
303263,1
469044,2
826563,1
879918,1
803773,0
535044,1
129239,2
123544,2
955118,2
763466,-1
302824,1
970253,2
536636,2
225644,1
901410,2
976357,2
276425,-1
698782,1
476182,0
560795,1
734099,1
874279,2
528799,1
844516,-1
42001,1
729333,0
910929,2
436637,0
539943,0
158515,2
913083,0
196246,0
312900,-1
247152,1
621919,1
72893,1
989727,1
828411,0
231642,2
294532,-1
322655,2
238643,1
226893,-1
22945,-1
667052,1
330901,-1
893735,-1
844155,2
598545,1
792602,1
81394,2
79720,1
450891,0
689110,0
603282,1
151774,0
427833,0
514030,1
450842,1
663940,2
289537,-1
93580,2
999485,2
16012,1
602434,2
128526,0
567878,2
311040,1
397558,1
659249,2
732039,1
257083,-1
653366,-1
764741,0
240417,0
941193,0
249928,0
355194,2
466127,1
986184,1
194736,1
193995,0
630191,-1
467505,-1
385475,-1
537515,1
689188,2
629787,2
125791,2
873126,-1
634159,-1
5824,0
626130,1
710596,1
739055,1
584269,-1
930286,-1
803604,2
902313,1
365571,1
418391,1
260874,1
53754,1
406691,1
958946,-1
135258,2
349414,1
988959,1
954431,-1
985836,-1
698510,2
509363,0
625498,1
896827,1
393734,1
326465,-1
856169,2
404748,2
330862,2
455496,-1
571982,1
298506,2
98423,-1
660483,2
219919,2
967026,2
640859,0
574291,-1
673739,1
490703,-1
811513,2
357267,1
366205,-1
47116,2
41555,2
666135,1
997640,2
381416,1
168327,2
492253,2
422735,-1
667117,-1
202823,1
10908,0
366599,0
394665,2
734589,-1
210821,-1
191243,1
435686,0
7931,1
331666,1
998608,1
598170,2
981822,0
349039,2
131708,2
440962,-1
719287,2
866736,2
793383,2
486705,0
206701,-1
812095,2
813429,1
300273,1
246003,1
357693,2
127689,2
554542,2
713892,1
855661,2
413022,0
204680,1
865502,2
70808,1
542694,2
521642,0
90760,2
599952,0
116224,1
781730,1
222272,2
520111,-1
470642,1
241795,1
585620,-1
969978,2
800466,0
665096,1
59084,-1
813349,-1
312981,1
965523,-1
921337,1
791417,-1
472174,1
514550,2
418510,-1
344814,2
555242,2
603943,1
996818,0
518736,1
194144,1
548422,-1
781735,1
90786,1
3051,2
402995,2
224269,2
891634,-1
661409,-1
776823,-1
773037,2
716592,-1
709740,-1
230435,0
105775,1
277235,1
323839,2
485009,-1
991522,0
421384,1
407930,0
499185,2
634042,2
281534,-1
29564,2
777475,1
73475,2
924278,2
945887,1
133825,2
750622,0
340947,2
477970,-1
841038,0
331429,2
861934,-1
117689,2
231985,2
452498,1
147151,1
402278,2
515529,1
816064,1
320416,1
674363,1
45153,-1
294203,2
69149,2
892557,0
714218,0
374533,1
799765,2
406896,1
493645,2
77622,2
351139,1
598383,2
437099,2
811260,1
289021,1
411748,2
834122,1
531633,2
138830,1
855031,-1
621398,2
591179,-1
665535,-1
625048,-1
395927,-1
819363,1
226513,1
230277,2
217668,1
646356,-1
585846,-1
320140,-1
7769,2
128883,1
930716,1
52091,1
865029,2
678269,1
646896,2
151820,1
126071,0
390635,0
846830,-1
903429,1
552575,2
51238,1
398685,1
442076,0
245264,-1
1847,2
800950,2
236737,2
371083,-1
288557,-1
645411,0
582358,-1
105065,2
105707,-1
487304,-1
966654,-1
367823,-1
649275,-1
29185,2
172119,0
685650,-1
173254,1
287735,1
97811,1
838235,2
254835,-1
318905,2
259043,2
381017,-1
649757,1
529954,0
663529,0
423720,-1
22777,-1
766694,-1
166583,1
282634,-1
353764,0
461317,-1
31680,-1
998009,0
491318,2
970330,-1
476860,2
415960,2
937064,1
935085,1
863837,2
166987,0
65621,-1
486600,1
389265,1
151202,-1
906908,-1
98725,2
741135,-1
184479,0
364623,2
289083,2
101465,2
877671,-1
414975,1
819137,0
162715,2
889367,-1
682050,-1
468148,0
276721,-1
809015,2
82904,-1
629958,-1
282539,-1
576641,1
721032,0
985863,-1
351847,-1
102182,0
432256,-1
810959,-1
339263,-1
426325,2
634147,1
43694,0
693219,1
840612,-1
292313,1
459823,-1
458700,0
886294,2
72399,2
838493,2
239467,0
966716,2
88590,0
270660,-1
612857,2
481502,1
953534,1
399293,-1
325715,-1
412226,1
817566,0
610516,-1
921902,2
279576,2
164195,2
233989,2
650411,1
531313,-1
4333,2
643985,-1
556079,0
362728,-1
619584,-1
498930,2
711047,0
280183,2
710884,0
669728,2
873903,-1
133051,2
580652,1
122184,1
297918,-1
443350,1
942345,0
487311,0
624290,2
462841,0
682584,-1
86801,0
614098,-1
71036,1
603798,1
539219,2
571734,1
891254,-1
16967,2
366465,2
468888,-1
755956,1
854237,2
929586,1
972465,-1
47414,2
237511,1
473045,1
719760,-1
3380,1
915945,0
746072,-1
793658,0
718346,1
991582,-1
186975,0
544544,2
598757,1
352182,2
799769,2
285144,1
406272,2
92988,2
36673,-1
558989,-1
261633,-1
239960,-1
938879,1
638143,-1
162574,1
78388,2
966667,0
865944,1
972181,2
946851,-1
214800,-1
728032,2
600651,1
728584,2
706681,0
589739,1
450581,1
47561,1
401905,2
800981,1
589183,1
222534,2
357670,2
923142,0
497636,-1
443455,2
730705,-1
830855,1
255556,2
961712,-1
589379,-1
956735,1
216207,0
650019,1
606200,2
753836,0
847322,-1
273226,1
83629,2
226734,-1
788872,1
870974,2
591870,1
568912,-1
789519,-1
731488,1
244090,1
735125,1
764484,0
646717,1
31157,-1
152232,-1
414280,2
587546,2
821756,2
373215,1
826764,1
733307,0
596788,1
57392,-1
761256,2
586312,1
93389,0
93917,2
73551,-1
165581,-1
156791,-1
823794,2
63392,-1
182207,1
829750,1
101290,2
639078,1
960964,2
884242,-1
333194,-1
180605,2
724302,-1
464585,1
857134,1
289751,1
746574,-1
5343,1
477522,2
446879,2
546541,-1
732463,2
380608,2
336640,2
52477,-1
194507,1
538733,2
622382,1
758067,-1
969245,0
6204,2
360927,2
733862,2
254831,1
312789,1
683632,2
698155,1
581241,2
685887,-1
495618,-1
98564,1
422534,0
378882,1
175872,-1
135908,2
840249,-1
37433,-1
231996,1
573211,-1
703385,1
11101,-1
819890,1
572492,-1
120502,-1
146930,-1
913546,-1
808868,1
383788,1
629338,1
429250,-1
327253,1
233323,2
754966,2
5107,-1
285700,0
997597,2
605325,0
181468,0
921776,1
131890,1
727491,1
407368,-1
720318,-1
521215,1
699505,0
260605,1
4496,2
162556,1
283270,0
631070,-1
343853,2
195609,2
729294,-1
342029,-1
31305,-1
974349,1
827385,-1
110637,-1
330981,1
716213,-1
673772,-1
533976,-1
467243,0
671317,-1
232183,1
489015,1
356158,2
988748,2
240002,-1
873392,-1
345670,1
356761,1
530584,-1
177001,1
525148,-1
347083,1
784269,1
420686,2
918830,1
550616,-1
696228,1
861731,2
677852,-1
591361,0
962050,1
76649,1
832328,2
239449,2
467995,1
467450,1
127162,1
477381,1
58715,1
701473,1
893061,-1
335217,-1
909071,-1
471885,2
164325,1
875446,1
366749,-1
625267,-1
805316,1
779520,1
967449,-1
39093,-1
306078,0
983065,-1
106475,1
380508,2
236562,-1
589848,-1
741895,2
204042,2
238985,-1
468940,2
467571,-1
86934,-1
650045,1
334396,-1
308397,2
435631,2
206312,2
565453,0
250852,2
511144,1
985030,1
5045,0
962371,1
179695,1
571674,2
708517,1
949891,-1
451267,2
463572,-1
527910,-1
446310,1
105414,-1
18138,-1
653784,0
331838,0
650762,2
826394,1
164947,1
871573,2
737732,1
78892,1
950200,2
484870,2
382863,1
155451,1
361880,1
625561,1
675442,2
113514,2
19397,2
718093,2
428411,0
908602,1
595852,-1
866548,1
516734,1
203690,2
457889,-1
42699,2
564817,0
519244,2
634222,2
851947,1
925224,-1
776585,2
603969,2
848121,2
745737,1
706675,1
891427,0
311901,0
190297,1
782363,0
44291,2
370428,2
899174,1
144125,-1
422237,1
554582,2
242199,-1
232219,-1
224076,2
945898,-1
564911,0
343688,-1
371908,-1
627574,2
180485,-1
249763,-1
651375,2
660951,1
657758,1
237867,2
782819,1
791928,1
294609,0
850390,2
396547,1
142830,-1
250983,1
443938,1
831490,1
418267,2
860398,1
763872,-1
574726,1
142336,2
213055,-1
455829,1
656699,1
171902,-1
350128,2
714025,1
17420,1
44772,-1
643168,1
704610,-1
820523,1
37607,-1
680087,2
509948,-1
938423,-1
476346,2
617648,2
659939,-1
510346,0
106516,2
187412,-1
530662,1
969059,-1
233113,2
881485,1
396578,1
722776,-1
69263,1
783056,-1
29053,-1
45878,1
845042,-1
78628,2
899274,-1
485857,-1
914284,-1
590949,1
286808,2
449133,2
145375,-1
769261,1
769524,2
968896,1
313839,2
775822,1
293312,1
495182,2
896063,1
2325,1
795486,2
135329,-1
885345,1
703319,0
595781,0
243128,1
589175,2
473007,-1
145261,1
942956,0
524966,-1
713766,1
440834,2
94839,-1
730063,2
120270,0
73612,-1
432813,2
317254,0
149855,2
588233,-1
860852,-1
762132,1
694699,0
357323,2
617071,2
909332,1
460019,0
175290,-1
845224,1
77234,1
337929,-1
846396,1
515567,1
365305,0
410068,-1
123198,1
287376,2
799250,-1
744900,-1
505135,-1
380314,-1
272452,-1
164506,1
825234,-1
959388,-1
502275,-1
663775,1
515364,0
29777,-1
857998,0
930993,2
225367,-1
299046,1
54060,-1
153537,0
77959,2
238755,2
913486,2
14443,2
604691,2
56693,1
397430,0
292158,0
263045,2
686702,2
111969,-1
575864,1
592714,-1
788130,2
283215,-1
463455,1
84395,-1
111750,2
930512,2
582792,2
172215,0
856082,0
788739,1
509947,-1
407486,2
93916,0
49777,-1
794018,0
448173,1
461282,0
44346,1
505510,2
782839,2
104045,-1
568580,-1
758553,2
53400,2
441214,-1
953386,1
143711,2
120075,-1
215972,2
439116,-1
186431,1
593449,1
607278,1
582945,-1
922510,2
767792,-1
795952,1
944860,0
444063,1
865922,1
752668,1
977914,1
252208,-1
772954,0
254837,-1
237616,1
371131,2
343754,2
449316,0
185570,0
47008,2
19133,1
375376,0
578099,0
763558,-1
162367,2
690491,1
698617,1
620254,1
217118,1
232363,0
816170,2
449825,-1
672636,-1
179091,1
231038,1
291804,-1
710495,2
553086,-1
323962,1
581600,1
704427,2
438734,2
209379,2
415615,-1
284806,2
310499,1
346116,1
771257,-1
129670,-1
532461,1
847765,2
541807,2
151102,1
301061,-1
920481,1
223008,2
804457,1
577544,-1
724299,2
615253,-1
414925,-1
905949,2
633508,-1
270235,-1
560973,-1
337725,1
307063,1
248899,-1
693471,1
32083,1
581827,-1
447640,2
862171,-1
263238,1
177423,-1
556777,0
814230,2
34166,2
355856,0
961882,1
762704,2
602494,1
34702,1
715552,1
355679,-1
854686,1
171389,1
820375,-1
752605,1
923279,2
150302,2
444048,-1
772347,1
707363,2
43036,-1
31741,1
902354,2
732442,1
691266,2
115042,-1
522188,2
815935,0
621337,1
933944,1
545889,2
639168,1
655821,-1
217577,1
988338,2
310934,-1
384173,2
850427,1
614699,2
146362,2
58112,2
466658,-1
798525,2
569963,-1
434900,-1
51794,1
373733,2
78426,-1
591624,1
376278,-1
881145,2
423932,2
154517,-1
809256,2
592760,1
326267,1
557614,2
657699,2
792471,-1
687325,-1
184414,1
160393,1
846792,2
615738,1
988164,2
487047,2
469101,-1
804088,-1
981726,0
661325,2
395935,2
404054,1
336290,2
458596,2
721106,1
837210,2
370613,2
123115,2
306643,2
666144,1
108718,2
319332,1
579193,1
358166,-1
141738,1
260609,-1
581967,1
132595,2
488092,1
392202,2
315476,2
205530,0
659291,-1
436218,1
90685,1
142415,2
24934,2
409382,0
920431,2
796763,2
845251,1
388243,-1
604797,0
152641,-1
248936,-1
938144,-1
424611,0
329124,-1
665784,-1
640825,-1
163428,-1
556966,1
462236,2
940585,-1
836959,-1
203375,1
254557,-1
980954,-1
24797,2
281199,0
574766,1
887404,-1
291525,2
649648,1
753473,2
305074,1
328063,2
567452,1
195871,0
540520,0
875626,1
672918,2
17142,1
644643,-1
558196,0
718420,-1
941514,2
142228,2
114046,-1
201727,0
432369,2
387738,1
199691,0
180304,-1
673181,1
146042,2
558321,1
486158,1
656852,0
746973,0
443873,1
946854,1
206666,-1
329798,0
494754,0
964787,0
992585,2
626550,-1
338140,2
86710,1
880166,1
461185,2
840127,-1
909823,-1
347835,-1
41851,1
429019,2
822696,1
398282,-1
939362,-1
44160,2
193712,1
628281,-1
489292,2
616565,2
347410,-1
17963,-1
76228,2
601837,1
569634,1
57381,-1
120440,2
34596,1
28256,1
499154,1
352917,2
642374,2
597069,1
830957,-1
317312,2
827075,2
588394,1
706639,-1
182537,2
16854,1
443398,1
434602,1
554528,2
30214,-1
171137,1
875060,-1
961114,-1
246680,-1
244205,-1
552594,-1
726305,2
354750,-1
71830,1
345645,-1
212044,-1
200267,-1
942846,1
174493,2
333002,2
146187,0
793908,0
496143,-1
966647,2
323,2
803875,1
402047,1
534219,0
703000,-1
671584,1
559320,2
188050,2
887516,1
645866,0
466328,-1
415728,1
503003,2
298164,1
633000,-1
512067,1
235641,2
343381,0
733240,-1
136832,2
389026,1
852347,-1
25002,1
294027,1
648266,1
810469,2
224435,2
952397,1
12004,0
185013,2
486832,-1
86045,-1
133514,2
799864,0
781356,2
866735,1
788791,2
907298,-1
930620,-1
580848,-1
438124,-1
400009,1
956741,1
748695,-1
831576,2
683218,-1
531715,-1
555874,2
672398,-1
293081,-1
506419,-1
776853,1
857439,0
860763,1
169809,2
410150,2
776743,1
830459,0
612043,1
247011,2
404518,2
997644,0
111741,2
921727,-1
921922,1
349946,0
632649,2
10315,1
448017,-1
561814,-1
88851,-1
317861,1
419424,0
185650,1
931895,1
893553,-1
159886,1
48509,-1
697646,1
260134,2
958366,1
497671,2
890683,0
219061,1
50736,-1
742031,0
431195,-1
159717,1
641424,0
423512,-1
229137,-1
798844,0
693406,0
371036,2
211835,-1
757133,1
937342,1
977747,-1
333823,-1
669775,0
260295,2
677043,0
477036,-1
194820,2
833593,0
737103,2
838487,-1
14362,0
433532,-1
375715,2
274541,1
115978,-1
905000,2
343053,2
168437,1
794305,1
149132,-1
255482,-1
786652,2
18795,0
261144,2
2575,1
477704,2
645226,2
613988,1
141972,2
863542,0
922667,2
419431,2
960388,1
853322,2
622813,-1
785330,1
810188,1
53815,1
818404,-1
747464,2
754308,1
128943,2
996229,-1
964585,-1
959469,1
354761,2
102989,2
67926,0
122021,1
549342,-1
446441,2
196355,-1
589487,2
70611,2
683684,-1
978725,0
13287,-1
809747,2
838185,-1
647188,-1
616174,-1
754798,1
620739,-1
644772,-1
96841,-1
818549,1
24845,1
397713,-1
924727,-1
164077,1
442722,2
583077,1
840571,2
415337,-1
148578,-1
239214,-1
521908,1
947679,2
227844,1
701507,1
617736,1
509196,2
585430,2
839425,0
414230,2
916592,-1
705572,-1
282147,2
201741,0
464689,-1
506099,1
315331,1
258435,1
910541,2
394712,1
424092,-1
204080,1
744870,0
644004,1
107636,-1
661174,0
19909,-1
927163,1
358829,2
186937,-1
98072,1
43449,1
996972,1
365705,2
27742,-1
165638,-1
419439,2
254018,2
980316,-1
849752,-1
601238,-1
763081,1
767129,-1
292040,0
800470,-1
408830,1
902403,2
495974,-1
97966,0
612358,0
601862,1
484009,1
24147,-1
545781,2
404273,2
459068,1
706804,2
570687,-1
611072,0
985616,1
164701,1
599031,1
291016,2
871590,-1
375923,2
625713,-1
544267,2
597520,1
201908,-1
779450,0
41388,0
324210,1
527518,-1
995095,2
68508,2
645526,-1
803925,0
310865,2
243590,-1
739831,-1
838039,0
93918,2
115526,0
164262,-1
727311,-1
735220,1
468210,1
689122,-1
53596,2
799186,1
101084,0
30439,-1
810252,0
821303,2
292964,2
302407,1
271892,2
732321,-1
447410,2
803265,-1
196513,0
365268,2
202213,-1
325954,2
969878,2
626863,-1
549662,2
583897,1
81079,1
74615,-1
390771,1
921683,-1
260545,2
746062,-1
523766,-1
369387,1
387902,1
407975,-1
843647,-1
668518,0
259924,0
823007,2
133194,1
999383,1
844853,0
811166,-1
700248,-1
312802,2
703577,-1
842529,-1
133240,2
637996,0
242561,2
970006,-1
651603,-1
339673,-1
675644,1
793976,1
162961,1
469570,-1
681176,-1
887401,-1
891406,-1
751950,0
965377,2
773946,1
84122,-1
845066,1
389748,2
837821,1
967629,2
864765,0
266087,0
41710,1
112134,-1
513080,-1
452254,1
564272,2
876098,-1
273845,2
343129,-1
622330,2
296515,2
199651,-1
265010,1
124863,-1
619557,2
500287,2
366450,0
626887,2
426254,2
535685,0
617761,2
616786,2
863271,0
516407,2
148449,-1
849472,2
665945,0
479060,-1
736724,-1
288008,1
638394,1
779022,-1
951766,0
535506,0
202738,1
863224,1
870370,-1
721194,1
981141,2
252336,-1
77169,-1
68528,-1
38903,2
256464,-1
11425,-1
898966,2
860813,-1
873715,0
81184,1
106630,1
203802,-1
904553,2
793878,-1
727291,1
659013,1
170414,1
545030,2
935399,0
720843,0
24407,-1
368110,2
503818,1
556178,-1
905326,0
337724,-1
69700,0
114542,2
160079,1
903579,0
646349,2
161942,1
598614,2
663644,-1
329622,1
263883,-1
296398,1
566777,2
158516,1
764934,-1
404621,-1
803119,1
610999,2
737690,0
312628,-1
712615,1
188749,2
814343,-1
988637,-1
880191,1
280042,-1
630479,-1
46849,2
667139,-1
445425,0
136052,2
811010,0
170283,2
900662,2
493441,0
94212,1
753640,1
312169,2
202533,1
102614,-1
619990,2
86350,2
63121,2
121852,0
600352,2
124929,1
75897,0
574497,2
24804,0
596222,0
906004,-1
539619,1
110125,1
448051,2
790726,-1
822650,2
381243,2
730979,1
936649,-1
587095,1
612202,2
429050,-1
700694,0
851416,1
547091,0
51713,1
125090,1
81094,1
46987,1
10385,2
660879,1
815867,1
182651,0
13152,2
612985,2
668026,2
286216,-1
872878,1
346203,-1
717045,2
118481,1
67795,0
965112,-1
942456,0
49607,1
336321,2
220175,1
218973,0
458027,0
932536,2
239165,2
473283,-1
10468,1
965411,1
733655,2
383468,2
796762,-1
184596,1
327092,2
158124,1
998269,2
332356,-1
495084,1
610404,1
478417,-1
599073,-1
476278,1
433925,1
184487,-1
899620,2
237593,-1
637818,1
487541,2
323186,2
767342,0
897943,1
893076,1
227111,1
484479,1
142536,-1
511856,1
486621,0
793118,-1
350625,1
875997,2
520873,-1
980231,-1
486454,1
790783,2
119066,1
795590,1
703949,1
226753,2
497219,1
133965,-1
108181,-1
574156,1
510374,0
547861,1
154116,2
445954,2
997533,2
624946,1
463357,-1
912071,-1
789575,-1
733504,-1
921494,-1
182771,2
577188,1
77565,2
13576,2
850213,-1
233403,2
158376,2
42715,2
125277,2
794752,1
738883,1
646317,1
908688,-1
767328,2
771691,2
259880,2
825122,2
884467,1
787682,-1
609778,2
737682,-1
908388,0
424425,-1
323128,0
628679,1
678862,-1
838507,1
205713,0
681150,0
7572,2
941573,1
274509,2
684872,1
370024,1
291351,1
155280,2
493518,2
955736,-1
475150,0
814784,2
934550,2
236229,-1
868776,-1
724046,1
948949,2
383876,1
131974,2
986064,1
428108,1
926841,1
494582,0
781163,-1
92910,0
486,1
491939,-1
53227,1
800250,2
253165,2
31100,-1
457211,1
164443,2
646128,2
26297,0
641969,1
593800,1
256579,-1
805014,2
418189,2
640885,2
497723,2
627483,-1
654700,-1
237079,2
432087,2
572031,2
962862,1
73015,2
308754,2
686614,0
620529,2
342626,-1
875135,0
135651,2
566883,2
708737,2
771565,2
146085,0
713094,1
540959,2
824998,2
387636,2
6977,1
581176,-1
272574,-1
312899,-1
405772,0
423226,-1
15617,-1
73801,-1
581076,-1
763519,2
916909,1
646077,-1
551261,2
182472,-1
180047,-1
986479,2
238659,0
76266,-1
98479,0
177204,-1
298152,1
328729,-1
297260,2
567264,0
329437,-1
985621,1
789426,1
246326,2
933736,1
378617,-1
254499,2
174922,-1
312720,2
568863,2
903966,1
730989,0
191303,-1
261053,1
179969,1
411209,1
293338,1
224041,2
627912,-1
763334,1
769155,2
93337,1
802385,0
42183,2
407596,1
368054,2
618952,-1
648741,0
877147,1
996306,-1
154289,2
333682,0
746454,-1
504683,1
455348,0
744762,1
153848,-1
429721,0
460217,1
622753,-1
925836,2
140313,1
498154,-1
848278,1
694120,1
614569,1
511015,1
56117,2
97915,1
684968,0
290122,-1
896238,2
105501,-1
155182,1
243396,1
425069,-1
3804,1
92161,1
360732,0
850932,1
20149,2
695895,2
972635,-1
986282,1
568549,-1
434652,1
507521,2
263473,0
267646,-1
149939,-1
274077,2
776304,-1
370879,0
404861,-1
204227,2
819486,1
142966,0
818701,1
274044,2
665722,1
421305,-1
704236,-1
349774,1
635513,-1
652424,-1
146233,1
676332,2
696485,2
474898,0
939207,2
135234,-1
4494,0
678001,-1
505970,-1
656254,0
552023,1
561933,0
885448,1
284977,1
455946,1
891808,1
349787,-1
598581,2
327527,2
631112,0
780626,2
617439,1
778454,1
411141,-1
694508,1
451340,2
200823,-1
252827,1
997245,1
593241,1
150780,-1
701541,2
342006,1
182752,2
597528,1
979212,1
730965,-1
705732,2
852885,2
567968,2
58159,2
485485,-1
270505,1
221568,-1
261639,-1
493242,1
988625,2
127890,2
582873,2
596848,0
653100,1
681574,2
228139,-1
121922,2
941781,1
169175,2
253167,1
715413,1
15656,0
825086,1
207315,-1
823519,2
369940,-1
359076,1
802295,1
44252,2
230042,-1
663144,1
235342,0
948529,1
649033,1
622688,0
500735,1
295382,1
982200,2
349178,-1
395381,2
544107,1
538241,1
591984,0
45181,2
708342,1
950412,2
118586,2
833509,1
694880,0
501069,0
537327,0
736909,1
777838,-1
14607,0
198247,1
532727,2
971954,2
506983,0
740265,2
628974,2
273978,0
890446,2
555626,1
266376,-1
555259,2
605751,2
642647,-1
8695,2
288654,2
420856,2
822637,1
495623,-1
444782,0
598329,1
581704,2
274996,2
185975,-1
6500,0
4922,2
314724,-1
864689,2
890303,1
298217,1
58759,2
665061,1
711365,1
53886,-1
639109,1
955199,-1
56403,2
986454,-1
725929,0
308560,-1
63259,2
893580,-1
910594,-1
635622,2
332270,-1
230361,-1
970928,1
987005,-1
599243,1
415291,2
353090,-1
571695,1
442038,1
766968,2
572932,0
770249,1
380515,2
308454,-1
870967,1
35630,-1
809561,2
51932,1
937854,-1
845936,2
48136,2
337375,2
129260,1
651061,-1
949433,1
38474,1
780400,-1
900148,-1
717361,2
315768,0
1094,2
371575,-1
334703,1
347301,1
333023,1
760539,-1
986393,1
113410,1
533841,1
646375,1
208765,1
874552,-1
581056,-1
564133,1
238576,-1
771517,1
569298,0
362439,2
313524,2
453646,2
267618,2
552103,0
922833,-1
161548,2
547728,2
882173,2
196745,2
329376,0
561279,-1
152362,2
577289,-1
569331,2
797033,-1
697697,-1
705751,2
780961,-1
607260,-1
56078,-1
233570,2
900516,2
526766,1
950781,1
445119,-1
299523,0
700364,0
638191,1
746929,-1
585971,1
568079,2
102283,1
154483,-1
870534,2
367520,0
483579,-1
846473,-1
863386,-1
448491,0
879144,1
661533,2
778544,0
26334,2
568606,1
694622,1
176767,-1
787826,0
765977,1
79002,1
628012,2
468570,-1
989146,1
458415,2
677605,0
896052,-1
689114,0
743964,0
562549,-1
609521,2
769546,-1
936010,0
28321,2
907350,1
15176,2
619727,0
755696,1
659339,1
868242,2
878577,0
27645,1
94375,-1
96253,2
106662,-1
927688,1
174681,2
5808,1
562069,0
697588,1
323681,2
767676,-1
23872,-1
901914,1
940000,-1
152867,-1
174045,-1
952247,2
420045,-1
219993,1
384450,-1
284022,2
281768,-1
969999,2
692396,-1
566712,1
397080,2
400965,1
553873,0
314655,1
210043,-1
66392,-1
888438,2
42015,0
155936,-1
456964,0
100619,0
165244,-1
918091,-1
225368,-1
809620,2
543287,1
858075,-1
342041,1
501333,1
688842,-1
259862,-1
844239,2
939482,-1
851282,2
782419,-1
156502,2
411451,-1
778098,2
748621,2
991104,1
429100,1
242868,-1
383918,1
665976,-1
464303,2
136987,2
210063,1
931052,2
726315,0
430258,2
366927,2
303238,-1
485960,-1
300485,1
486143,-1
487258,1
86791,-1
483979,2
557002,2
651130,0
240130,1
854919,-1
126330,1
959514,-1
669369,1
906463,-1
251017,1
17936,-1
275097,-1
973737,-1
398175,2
549419,1
830932,-1
62153,2
836743,1
688979,2
467710,2
786829,2
475922,-1
756330,-1
129546,1
283112,-1
177141,-1
27227,-1
991302,1
769041,-1
982553,1
882621,-1
953530,2
834944,0
561470,-1
384297,1
521834,1
878776,-1
800561,2
332192,1
626665,2
720978,-1
471603,1
840316,2
270413,2
666499,1
934904,-1
750005,-1
370595,-1
93511,1
389325,1
285464,1
537960,2
523402,-1
453346,2
286755,2
735544,2
737829,2
866869,1
887135,2
539693,1
912791,2
32937,1
607228,1
678005,-1
547998,2
111384,1
135862,2
585961,1
851295,2
876430,-1
161949,-1
265741,-1
469560,1
625147,-1
843557,2
246532,2
397532,-1
363915,2
535584,1
195696,1
432742,1
45471,2
147931,1
351920,-1
728240,-1
15379,2
138964,-1
406562,1
673979,1
6599,2
3316,2
963207,2
292792,2
715826,2
901330,1
658591,0
700745,2
684686,2
585044,0
72912,-1
292080,-1
775106,2
429183,1
79809,0
710041,1
359322,1
558178,1
883974,1
796425,0
792125,-1
603149,-1
412743,1
899120,2
77176,-1
48054,0
744133,-1
792380,1
450463,-1
923478,0
825217,2
92054,1
455204,1
166549,1
864815,-1
736961,2
495799,-1
988766,1
440864,2
7273,-1
114016,1
713565,1
713129,-1
681654,0
633587,1
489731,1
71236,1
954902,2
608676,2
841621,-1
938387,0
96791,2
336255,2
654234,-1
568095,1
297199,2
63520,-1
146672,1
156613,-1
209688,2
233240,1
635250,0
818370,1
250804,0
472432,-1
526619,1
932140,-1
678223,1
499800,1
94093,2
975989,1
546488,-1
823328,-1
83230,2
613657,-1
465639,-1
37735,2
508126,2
338723,1
216769,2
924616,-1
128444,-1
781378,-1
161766,1
629937,-1
448114,-1
337455,2
928110,-1
348665,0
925085,-1
350345,0
255901,1
798119,2
649555,0
678457,1
127945,2
306053,-1
429997,0
84686,-1
178031,-1
433817,1
727081,-1
92555,0
736073,1
684291,2
208436,1
631966,-1
632170,2
552169,1
700411,2
398682,2
864408,0
791122,-1
311939,-1
212992,2
439770,-1
888670,2
246648,1
52909,2
185340,1
954861,2
312141,2
779676,0
501230,-1
655913,2
869690,2
692291,0
7733,-1
323305,-1
522534,1
255257,2
342294,0
336712,-1
847143,-1
958883,2
32011,1
645444,0
591370,-1
921487,0
213184,2
191035,-1
486019,2
967576,2
485397,0
274091,2
971373,1
80530,0
441388,-1
219687,2
589095,-1
717337,1
309919,2
624761,0
538959,-1
933506,1
255735,1
960885,1
547227,1
955114,1
490235,-1
30625,2
344466,0
352351,1
91361,0
644448,2
321910,2
294122,-1
502744,2
450547,2
952430,-1
917415,2
546639,2
498408,-1
19737,-1
89008,2
401448,-1
117558,0
713838,2
52888,2
692934,2
211232,1
738012,-1
430717,2
429013,1
622733,0
175296,1
208540,-1
341637,1
980407,2
747972,-1
10675,1
413483,2
492601,2
440868,1
179308,-1
850302,-1
994884,-1
280069,-1
225213,-1
383465,2
495245,2
457142,-1
918082,0
850665,2
119798,0
197624,-1
419286,-1
66539,1
937594,1
458056,0
391586,-1
537905,0
940773,1
63636,-1
350290,-1
399262,0
879570,2
242644,-1
360419,-1
702569,1
195816,-1
757711,-1
927763,-1
709644,2
713965,1
645834,1
917740,1
102859,1
302987,2
533731,2
989796,-1
998974,-1
238041,-1
849413,1
277751,2
42975,-1
243718,1
993297,1
162328,0
341635,-1
650311,1
244956,-1
203918,1
474921,2
111066,-1
706768,1
701078,-1
469942,-1
396077,-1
930734,1
769160,2
324,2
685392,2
195255,-1
132265,-1
232617,2
671491,1
24200,2
670870,-1
187081,1
740680,-1
183014,2
1002,1
437581,1
13562,-1
525771,1
484704,0
435190,2
563240,0
980945,1
71688,-1
43993,1
674237,1
609692,0
994995,1
17950,1
660705,1
488065,1
718541,1
789782,-1
774504,-1
942387,-1
913856,0
68822,-1
498872,0
282396,-1
607114,1
293524,-1
67727,1
926215,1
237135,-1
13937,0
105223,1
989572,2
548324,2
565886,1
319852,0
958100,-1
343719,2
731863,-1
603466,1
119608,0
692785,2
764412,-1
853757,1
822612,2
400706,-1
506377,2
676465,1
528708,-1
426419,0
540054,2
912100,-1
274630,1
554174,2
905680,-1
418450,1
418141,2
307012,0
890324,-1
682705,2
379783,-1
843593,-1
22034,2
616085,1
672236,2
440264,1
162520,2
571452,-1
178299,2
187726,-1
162956,1
650239,2
285695,-1
62508,1
601101,2
888833,0
452911,-1
532091,1
647934,2
205997,-1
376530,1
491158,1
670340,1
63710,2
373166,2
123762,-1
949504,2
282697,0
796241,-1
968995,-1
114369,1
505454,2
804838,1
254338,-1
357839,-1
356216,2
27874,1
985071,-1
718353,-1
10863,-1
519963,-1
398011,1
858431,0
781976,1
647740,0
509315,1
180805,2
153440,0
721700,2
665905,2
425155,2
592618,2
604000,-1
706419,1
626332,-1
675525,1
35335,-1
879999,2
695422,-1
282559,-1
347486,-1
237897,-1
83693,0
434463,2
936349,-1
467990,1
339981,0
998342,-1
769234,2
812406,2
325242,0
274653,1
141806,-1
239144,2
537273,1
147807,0
207974,-1
357314,2
789590,2
752831,-1
719483,1
717031,-1
744804,-1
912022,0
541124,0
999263,0
986822,-1
397991,1
819649,1
917021,1
742017,-1
68689,1
233448,-1
391815,2
625916,1
602874,-1
384242,0
248317,0
597775,-1
505736,-1
830762,2
268977,1
169209,-1
674056,-1
303834,0
893012,-1
950264,1
155098,2
643801,2
37382,1
239109,2
811745,-1
307324,0
651589,0
728961,2
995965,1
32617,2
345264,1
670510,2
187322,1
643839,-1
656403,1
407063,1
456801,-1
279241,-1
173656,0
140144,1
695410,2
342379,1
904821,-1
102149,0
315058,-1
443380,1
328359,2
822742,-1
363827,0
369444,0
15004,-1
425757,-1
795670,2
994106,1
521233,-1
629606,0
428345,2
376182,-1
557421,0
351678,-1
566520,1
951080,0
431383,-1
164681,2
711690,-1
487536,1
12892,-1
93856,-1
616594,-1
55340,2
977890,1
767055,-1
449932,2
916728,1
116029,1
385866,2
560183,0
264529,2
410097,0
759381,2
846166,-1
975978,1
73908,1
564366,0
218212,-1
774290,0
468930,1
692526,-1
425303,0
907670,1
345212,1
686682,0
130895,1
78847,0
813529,1
512340,-1
643621,1
492385,2
105981,2
106267,1
395551,-1
133092,-1
62304,1
773877,2
261474,2
2066,1
880642,-1
168822,1
291414,1
518500,-1
474278,-1
250041,2
369792,2
549105,1
735919,-1
415660,-1
390548,-1
586365,-1
801663,-1
21444,2
429715,1
485778,1
353052,2
39102,2
874377,0
582519,2
714029,-1
562887,2
161206,-1
242518,2
333341,-1
526794,2
862925,1
964831,0
141282,2
642970,2
437390,1
251594,1
3947,1
782071,1
876155,-1
518691,2
571034,0
57352,0
444558,2
44613,-1
583126,1
516278,1
599097,0
144626,1
362282,-1
465505,1
781993,2
840724,1
385584,2
332709,-1
913766,1
49767,2
416908,2
607640,1
642312,1
66809,2
55451,2
776252,2
146193,2
839366,2
579210,-1
597687,0
619476,0
414013,2
380700,1
896367,-1
334698,1
314624,1
991473,1
549413,-1
242209,2
969368,2
348883,2
418492,-1
470540,-1
458378,1
109266,1
796016,2
146189,2
908598,-1
305829,1
150626,1
314295,1
785092,-1
349953,-1
315604,-1
719053,2
625475,2
904281,1
864899,1
98191,-1
393935,1
976682,-1
115902,-1
714477,1
904871,-1
40002,1
196167,-1
876677,1
639041,-1
658238,2
118538,-1
585684,-1
212373,2
439871,-1
372248,1
808291,1
740677,2
286600,2
39137,1
242134,1
789533,-1
974607,2
121892,-1
925466,-1
659381,1
71947,-1
619589,1
538261,1
401624,1
592687,0
770681,2
655254,1
803295,-1
770982,1
841939,0
773430,2
910369,1
529946,1
453960,-1
199412,-1
928138,1
89026,-1
936076,1
48194,1
543968,1
428811,-1
199176,0
308647,-1
472164,-1
14347,-1
792863,-1
730475,2
302030,-1
729730,2
355810,1
520559,-1
116986,-1
242175,1
214431,2
627510,1
372797,2
821047,2
859883,2
184039,0
575649,0
406507,1
208568,1
371985,1
440835,2
647629,2
897754,-1
802877,2
254620,1
306648,-1
80762,0
65253,2
221872,-1
655251,1
400521,1
899111,1
213627,2
32882,2
127013,1
296021,-1
246508,2
881303,0
877621,0
913736,1
28168,2
616816,-1
337927,1
60850,2
382625,0
306424,2
125916,0
887268,2
646241,0
833300,1
640993,2
185928,1
723717,1
161924,1
653426,2
326871,1
23219,1
694941,-1
511624,0
713841,-1
757148,-1
233609,-1
481699,1
788178,2
258840,0
180910,0
143846,1
397187,2
735956,1
697066,1
398754,1
159756,-1
583833,0
347170,1
840626,0
976083,1
936082,-1
707118,-1
230817,-1
647480,1
886880,-1
669722,2
89211,2
965203,0
205053,2
792494,2
810157,0
244378,1
953700,2
823363,2
643295,-1
844388,-1
111866,2
891158,-1
658186,1
376161,2
733882,0
524949,0
754796,-1
747068,1
260344,1
341280,0
833793,-1
456224,1
942777,2
813648,-1
703664,0
454700,2
774633,1
713981,-1
439771,-1
877051,0
557810,-1
999361,-1
541390,1
843489,1
864943,-1
624938,1
672160,2
651084,1
657393,2
730399,1
507652,2
836399,0
231,2
141372,1
67600,1
486188,2
788413,2
163707,1
175537,-1
899924,0
387467,-1
300294,0
263648,2
546601,1
208409,2
988785,-1
460408,2
596290,1
152927,1
330596,-1
813049,2
29924,0
966487,1
211780,-1
934971,2
396644,-1
389863,2
151900,2
529295,-1
197911,1
795755,2
826090,1
10291,2
827586,2
342303,-1
467556,-1
237893,1
182715,-1
523321,-1
363106,2
23004,2
928252,0
391847,1
675665,1
348827,-1
729449,1
232059,-1
171354,2
161420,-1
920419,1
125728,2
529144,-1
38443,-1
923595,2
281501,1
755722,1
34877,-1
948297,1
655292,-1
624662,-1
617813,0
872665,1
251854,2
836359,-1
798768,2
922488,2
446131,2
711942,0
132672,1
117315,2
786925,-1
88937,0
841709,-1
764509,-1
263838,1
903611,0
135121,2
144821,2
632162,1
360173,-1
448103,2
678866,1
415234,-1
724647,0
665309,1
957065,-1
224939,2
133760,-1
402953,-1
647958,2
973496,-1
211487,2
970549,-1
322361,2
758055,1
34105,1
684967,1
167784,2
645719,2
183603,-1
644988,0
417921,0
634015,1
855655,1
364166,2
818184,2
637913,-1
584433,-1
54701,1
417381,2
883513,1
518360,1
599938,1
638621,-1
961715,2
697302,0
167532,1
65065,2
872916,2
199128,1
977732,2
387630,2
42462,0
349811,2
534173,2
785799,2
403726,2
504476,2
32252,-1
440593,0
892685,0
536460,-1
806307,2
670875,-1
681122,-1
781879,1
247068,2
112810,0
603763,2
340383,2
401550,2
397696,2
292460,2
46055,1
922725,0
420119,1
345844,2
495305,-1
575462,1
353591,-1
697999,-1
645309,0
775388,1
616411,-1
137885,-1
451960,1
789115,-1
477120,2
471531,1
643397,-1
981119,-1
905720,1
527327,-1
214262,1
764356,0
285265,1
109031,0
889920,0
918544,0
345862,-1
626861,1
407425,-1
112891,2
892965,-1
500622,2
359206,-1
132398,1
141932,-1
27158,2
312699,-1
641045,1
548793,1
614023,1
195809,2
462314,0
505590,2
475827,1
347787,-1
246778,0
974119,0
585186,-1
76203,1
637597,2
999983,0
465780,-1
735013,1
290151,-1
347870,0
446311,1
408612,2
196509,0
129739,-1
624840,1
806364,-1
616197,-1
376651,2
568226,2
51453,2
646773,0
462459,-1
932633,2
420183,0
992903,2
968742,1
345859,2
890862,-1
674121,1
268219,0
7655,0
497236,2
186163,0
706987,2
128531,0
315675,2
746780,0
968654,-1
252133,2
53344,1
933095,0
161392,-1
694317,-1
682757,1
583969,1
230320,2
927233,2
702609,0
449579,2
52493,2
275488,-1
308521,2
960368,2
275530,1
833217,2
800449,1
244138,2
642606,1
370237,0
36966,2
12748,1
465047,1
688977,-1
843598,-1
790157,2
242160,1
628826,-1
446288,1
322424,0
803087,2
634079,2
825627,-1
961667,1
33808,2
198272,2
990123,2
469488,2
463957,2
880361,-1
584773,2
374553,-1
183275,1
113375,-1
190844,-1
795230,1
444102,1
259635,1
497056,1
205201,0
830570,2
177632,2
874661,0
204768,-1
426709,0
666101,-1
728666,0
622683,2
539304,-1
490246,-1
862832,0
91092,0
629284,2
581779,1
767922,0
207825,2
488877,2
290673,2
587933,-1
12343,-1
991667,2
366178,0
990370,-1
345018,2
900182,-1
23133,1
813652,1
155474,2
265814,0
976781,-1
853893,-1
125784,-1
722067,1
203641,1
455687,1
21780,-1
739736,2
663336,1
669160,-1
99220,1
736519,2
162533,2
272392,1
809568,-1
408446,2
293618,2
614427,2
448949,2
434123,1
694186,2
480120,-1
343589,0
595575,1
880717,2
302744,1
631761,1
706535,1
121619,1
177940,2
94004,2
300637,1
324458,1
336980,-1
3151,-1
390611,-1
336024,2
811013,1
920143,-1
824716,-1
453544,1
368830,-1
556824,2
744397,2
647697,1
539985,1
399389,1
715168,1
784741,1
117318,2
568817,2
377392,-1
111643,2
8723,-1
262101,1
551225,-1
377121,2
388278,0
387855,2
396758,1
821375,-1
307577,0
11874,2
152947,2
373196,-1
681799,2
195033,-1
470515,0
542193,2
786188,1
952036,2
782706,1
232723,-1
443670,-1
685079,0
276015,1
373750,2
956265,2
847491,1
511736,2
301549,-1
491260,-1
502197,1
972927,1
740869,0
519113,-1
573875,2
858962,1
528969,-1
570551,-1
883034,-1
169392,1
269695,-1
47454,2
391822,-1
628083,2
644328,2
436950,1
26551,2
647139,2
179680,2
363692,-1
483048,1
540983,1
788092,-1
205106,2
785011,1
33426,2
338299,-1
240223,2
514220,2
767021,2
458376,-1
871950,1
648034,0
302254,2
638987,-1
543051,-1
518964,2
205963,1
895438,2
838812,2
396598,1
9385,2
53503,1
857881,-1
899149,0
983942,-1
717325,2
193613,2
287333,-1
242144,-1
966042,2
167148,-1
3451,-1
223188,2
571929,1
484537,-1
261371,-1
333480,-1
717182,2
18369,1
239212,2
713047,1
896499,2
19234,1
576063,2
865976,-1
865858,-1
214133,-1
7500,1
461792,2
909060,-1
896636,2
923236,-1
363209,-1
943350,2
23718,-1
732753,1
436406,1
226552,1
995707,1
860633,0
283389,1
828750,2
750985,-1
10691,1
968989,2
283169,0
479441,1
49000,-1
895112,1
89198,1
731498,-1
873492,1
748686,2
493732,2
666504,2
291794,-1
591070,2
399545,2
898448,-1
655033,-1
653524,2
933765,1
98740,-1
701254,0
460181,0
750030,2
745890,-1
633094,-1
885609,-1
642211,-1
893929,1
233330,2
187583,1
1778,2
468742,2
757706,1
197401,-1
145207,0
969010,1
93645,2
262801,1
874333,1
593952,2
874815,-1
792528,2
96606,1
104081,-1
951844,-1
240191,1
741518,1
490704,0
787476,1
356997,0
804006,1
873876,2
623346,-1
987897,1
914419,1
412157,2
2028,1
605102,2
749238,2
307392,1
397422,-1
338237,2
80541,0
449512,0
294833,-1
413620,2
387693,1
450373,-1
589886,-1
516932,2
581483,1
346955,-1
734933,1
288357,1
303455,1
224575,1
576795,2
15284,-1
573941,2
919384,2
719494,-1
24551,2
183366,1
336178,-1
634250,1
609196,-1
974078,-1
839965,-1
232062,-1
924312,1
575336,-1
124851,1
806164,0
732761,-1
500599,-1
412117,2
906349,0
913803,-1
393406,1
189856,-1
310554,2
919892,2
569801,2
817363,-1
440342,-1
720834,-1
406014,1
142478,1
759688,2
371839,2
628608,0
488708,1
498562,2
43007,1
466461,-1
103442,1
685532,1
488405,0
681057,2
353092,-1
284569,2
395034,2
366099,2
577799,2
854121,1
264258,1
349261,-1
122095,2
910800,0
638147,1
101951,2
309070,0
570235,1
59157,2
669686,2
558941,-1
51268,2
991319,-1
514870,0
52275,2
44216,-1
326352,2
930456,-1
837886,1
425286,0
354627,2
590555,-1
540462,-1
981998,1
135020,-1
981661,2
805343,1
776590,-1
700547,0
575771,1
810435,1
107181,2
122281,-1
556956,1
77126,-1
290670,0
517369,1
808687,2
114203,2
15842,-1
102935,2
23002,2
404865,2
567081,0
211891,2
619002,2
684757,1
179146,-1
935520,-1
824330,-1
150637,1
119377,1
768227,1
149919,-1
669199,1
185722,-1
336736,-1
544432,2
461608,-1
543004,2
34682,-1
92880,-1
215890,1
888835,-1
181401,0
189154,2
872090,1
845259,2
218304,1
567409,0
399514,-1
672209,0
4403,1
445740,1
464276,-1
886163,0
187666,-1
160670,-1
285723,1
272753,0
170877,-1
698764,1
132467,0
39110,2
606934,1
17095,2
13523,2
462723,-1
389239,-1
587505,2
690523,-1
253146,2
167461,-1
716193,0
754194,-1
937593,-1
795201,-1
941129,0
951756,2
541050,1
676119,-1
383346,-1
318732,-1
177261,0
374551,-1
335242,-1
669156,1
147257,1
631258,2
577768,1
556221,2
172964,-1
767518,2
905221,1
937706,0
676551,1
411028,0
968883,0
65085,-1
974176,0
281304,2
860156,0
885791,1
174569,0
674895,2
70824,2
604290,1
927676,1
731245,-1
143452,-1
342692,2
871087,2
761613,2
798311,0
635795,1
700014,1
791049,1
279700,-1
507646,1
444407,0
465916,-1
134834,1
852541,1
962364,2
176463,1
992510,2
975849,-1
420299,-1
704863,2
421447,2
935240,2
461836,-1
819440,-1
419330,-1
535890,2
841407,-1
826224,1
546860,-1
624360,0
587419,1
389504,1
860824,2
793887,2
945522,1
436399,2
797196,1
642292,-1
258901,2
233757,2
875599,2
860413,2
922066,1
719718,-1
667210,2
954662,0
593300,-1
491493,2
943128,1
670317,1
550089,2
152533,2
725903,2
685530,2
679978,2
247717,-1
803475,2
776944,0
232693,1
752730,2
526205,1
831699,1
739965,2
251342,1
718512,0
816966,1
903146,1
891315,2
787078,0
21589,-1
322283,0
867456,-1
22847,-1
520018,2
767439,0
808874,2
257679,2
635476,-1
336477,2
398328,2
386898,-1
559407,-1
658452,2
64700,0
636423,2
906223,-1
773709,2
441850,0
133043,1
553119,1
632138,1
320905,-1
975115,-1
38430,0
733245,-1
384813,1
464528,1
786000,1
684182,2
221073,-1
965970,-1
691400,-1
691422,1
63149,2
94816,1
613499,-1
910979,-1
50617,-1
529874,1
144763,-1
477049,2
718864,-1
799336,2
429124,-1
16399,1
389891,2
803662,1
45923,1
260020,1
780749,-1
618441,-1
139969,1
723808,1
188951,-1
609927,-1
98321,0
513818,2
943916,2
847508,-1
425538,2
231808,1
618984,-1
810170,0
952783,-1
310439,-1
955627,1
201714,1
253507,1
336728,0
739980,2
652034,1
786046,-1
338331,2
978337,2
559940,-1
930566,-1
619635,1
44405,-1
436944,0
609023,1
888451,2
565182,2
230971,1
966471,1
633801,1
596337,1
434014,-1
876617,2
60545,-1
971322,2
634921,0
851954,1
717758,1
421679,2
890281,0
665551,1
356135,-1
963332,2
574829,1
81371,2
603906,-1
468076,2
659606,-1
97195,-1
493580,2
880721,2
96026,2
252046,2
856130,-1
472832,-1
209090,-1
609183,1
514259,0
681249,2
25872,2
408169,-1
905925,-1
459544,0
913419,2
71764,1
92104,1
74545,-1
870533,-1
393229,1
686549,1
299868,-1
725140,0
661441,-1
474203,0
242949,1
179621,1
537577,2
847478,2
884263,-1
793221,1
819944,0
490010,2
939135,1
323575,0
893288,-1
116830,-1
362231,-1
471844,0
176547,1
565202,-1
329502,1
638907,2
614055,1
51534,-1
945333,-1
122940,0
469138,-1
880749,2
778694,1
104364,-1
368719,2
193727,1
665192,-1
565739,2
343223,-1
279885,-1
892105,1
140680,1
790521,1
412336,-1
445997,2
779795,-1
681616,2
367686,-1
506370,2
132168,2
759108,-1
607329,1
833214,2
989639,2
381419,0
152267,1
84283,1
983881,1
657049,2
460356,1
700177,-1
724623,1
269340,1
535460,0
552058,2
163554,1
243130,1
943320,1
931056,2
574005,1
321998,-1
313038,1
651974,2
744160,1
911544,2
28314,0
420118,2
865942,0
782992,1
175154,2
65902,-1
787883,2
791692,1
207757,2
976442,2
758755,0
867625,1
607007,-1
938596,2
994970,1
528695,-1
534510,-1
661942,2
715352,2
786120,2
840591,-1
649191,-1
229841,-1
783682,-1
218198,2
446581,0
936827,2
152582,1
728227,2
11920,2
622280,2
735540,-1
9279,1
757282,1
904522,-1
347211,2
820479,-1
756206,0
678920,1
440259,2
559157,1
406889,2
388681,-1
88041,2
854980,1
922520,1
213898,2
145369,1
860687,-1
680519,1
321220,0
882331,1
907463,2
335976,-1
622805,1
349122,-1
324368,2
581146,1
455964,-1
160166,2
580239,2
18671,-1
716376,1
979435,-1
252476,0
838635,2
846835,1
981163,-1
236535,2
927987,0
710593,-1
610576,1
758414,1
18822,2
424206,-1
154236,-1
729958,1
407521,0
824810,2
554576,2
996125,0
508149,2
280895,2
110710,1
583480,-1
667841,0
949978,1
396471,0
837179,-1
737124,2
294524,2
641827,2
416947,-1
515505,1
588319,0
604614,2
446458,1
37360,2
704078,2
544705,1
63842,0
901931,-1
269577,2
138417,2
426497,1
674947,2
247478,0
209270,-1
992108,-1
255923,-1
972520,-1
942975,1
664932,1
799405,-1
937887,2
173729,-1
485359,0
134379,0
760079,2
398627,1
32929,0
299783,2
44735,0
728497,2
183312,2
94753,0
14623,-1
353731,2
297818,1
713609,0
362414,-1
34025,2
704233,2
579173,2
591696,2
315835,0
270023,1
926733,1
30642,1
665957,0
28337,2
417278,0
50742,1
358351,1
200711,1
389793,1
454424,1
717217,2
294907,1
198716,2
606121,2
970000,1
398295,0
849951,2
971806,1
500923,-1
307702,2
960324,-1
645317,1
29213,0
477346,1
299162,-1
544515,0
880298,1
612332,-1
766985,1
361680,2
302664,2
200394,2
447949,2
99648,1
928859,1
83796,0
925802,1
294633,2
303648,2
314580,2
572088,-1
200392,2
641822,2
385091,1
556789,-1
203724,1
296730,-1
916865,1
435206,2
797442,1
586862,1
544527,-1
342507,0
159414,-1
873750,-1
240786,-1
912315,1
430947,1
502009,2
406685,-1
783825,2
994307,-1
826534,2
958248,2
965880,-1
641657,0
250465,1
447013,2
855359,1
807064,-1
986805,-1
461201,2
488707,2
895905,2
801388,2
34910,-1
242159,1
45534,1
976055,-1
937872,-1
838818,2
590122,2
21289,2
762446,-1
164145,1
397452,2
95291,0
870694,1
419126,0
314286,-1
951661,2
187089,-1
375759,-1
679611,-1
422353,1
886918,2
678095,-1
839278,2
379592,0
738080,-1
336714,2
1816,0
657388,-1
683321,2
477660,-1
223453,-1
421643,1
43719,1
381965,1
294032,1
109220,2
874526,2
440019,-1
927947,2
574554,0
128567,0
378707,0
592854,2
456458,1
962041,2
750953,1
52542,1
122796,1
187289,0
265431,2
828671,2
244357,1
753421,2
204521,-1
14384,2
938581,2
739493,1
272480,0
293270,1
407620,2
221779,1
700583,-1
491385,-1
648006,2
271260,-1
68436,-1
7675,2
820467,2
957518,1
192926,2
970423,2
960163,2
458966,-1
644790,2
85869,-1
775140,1
802518,1
110473,1
640417,1
280223,-1
494357,-1
174044,1
731471,-1
3723,1
3202,-1
549109,0
873234,2
580874,0
56879,1
608787,-1
151713,1
457952,0
155514,2
572568,-1
471996,0
749681,2
85658,1
509974,2
45633,-1
163316,1
168820,-1
540509,-1
203774,2
589068,1
930997,-1
327726,1
673125,2
470462,-1
275391,2
723919,2
446680,2
141194,2
583867,1
302930,1
757862,1
649240,1
551327,0
162535,1
715022,0
356711,-1
279120,-1
564,0
121545,1
242286,1
625921,-1
216342,-1
534568,1
173469,-1
451677,-1
565007,1
858239,2
707167,1
581249,-1
833702,-1
14926,2
448775,0
864201,2
15881,1
57888,2
525539,1
672859,-1
297051,2
413953,-1
20613,-1
783978,-1
44946,2
739146,0
242763,2
427532,2
482620,1
338775,2
963222,2
853096,0
178136,2
507896,-1
872710,0
756649,1
427921,2
236300,2
472843,2
585050,-1
722000,-1
652221,2
157054,1
758676,2
842465,2
212791,1
695776,-1
699957,1
232164,1
517116,2
930064,-1
576283,-1
265567,2
17842,2
798939,1
168339,1
106814,1
825225,-1
360538,0
612554,1
853657,0
98480,0
177484,-1
777232,-1
768047,2
881405,1
671404,2
329427,-1
184153,1
859092,-1
456205,2
280330,2
203075,-1
272683,0
102279,1
251364,2
691018,1
171437,2
584523,-1
352915,1
938918,-1
118705,-1
362862,-1
162835,0
684924,0
192051,2
302733,-1
338757,2
964326,-1
84507,0
785363,1
504198,1
232387,1
169990,1
191543,-1
746266,2
389694,1
202010,1
693828,-1
234488,0
933815,1
536804,1
568070,1
757915,-1
214113,0
430081,2
219191,0
154202,0
265504,0
192317,2
231203,1
921692,1
582394,1
103419,1
469177,0
67327,0
409807,-1
576187,1
550239,1
648313,-1
375610,0
288718,2
661607,1
440008,-1
937627,2
721289,1
287145,0
281673,1
886513,-1
407091,2
42518,2
742525,1
118175,1
339939,-1
746758,2
47529,-1
750212,2
162028,-1
937194,0
491132,-1
474018,1
361042,-1
799826,2
513377,-1
329632,2
994041,0
721268,1
93850,-1
610899,2
418447,2
502706,2
910420,2
103571,2
338728,2
143979,-1
908115,2
224771,1
203179,-1
784900,0
795672,2
197824,-1
158701,0
863844,-1
678273,2
291587,0
380473,1
144028,1
296369,-1
100221,1
353354,1
74660,2
359734,0
593537,1
461573,-1
787803,-1
498737,1
700957,2
504538,-1
736901,2
651995,-1
853083,1
582931,0
356177,0
140282,0
615437,1
59916,-1
358757,-1
144672,1
239716,-1
661831,1
795858,-1
124164,2
129832,-1
112460,1
242681,1
160144,2
422103,-1
546746,0
219843,1
151006,1
190868,2
994821,1
531825,0
35242,2
858151,2
432143,2
12320,0
831941,2
584499,1
524383,-1
795138,1
152972,1
703808,-1
620420,2
465164,2
384067,-1
231989,1
946557,-1
154720,1
948569,-1
435694,-1
300631,-1
702259,2
881456,1
870399,2
997972,0
662440,2
733984,1
578706,2
232381,1
20967,-1
277542,-1
191551,2
11712,1
729970,2
937412,2
515785,0
27412,1
626724,0
718433,1
467242,0
127677,1
515849,1
962814,2
73851,-1
448294,2
388958,-1
88600,-1
815016,2
342255,-1
315500,-1
397781,1
497256,-1
900685,-1
895026,-1
837882,-1
857718,-1
645914,0
429221,-1
733705,-1
644143,2
168585,-1
823781,2
732801,0
484639,0
144983,1
558804,-1
78602,1
509354,-1
59464,0
702425,2
194139,1
354470,1
697242,2
959223,2
925997,-1
964409,1
552441,1
704720,2
637471,1
392090,0
429352,2
418244,1
212699,1
433115,1
596894,1
744616,-1
700389,1
499577,-1
939324,2
444327,1
899081,1
562893,2
430444,2
590926,2
301275,-1
341119,-1
629890,0
292105,1
598093,-1
578681,-1
450187,2
806371,2
377791,-1
552683,-1
310662,2
493968,-1
213428,1
323918,1
659778,2
931821,2
466144,1
485827,2
576534,-1
880020,-1
983767,1
307996,-1
901703,2
787373,2
488684,2
138535,2
116502,-1
418892,-1
695046,0
601032,2
260117,0
84408,2
438427,2
260358,0
564732,-1
727187,0
126996,2
166715,1
941101,2
963211,1
206732,-1
754664,2
991119,-1
573773,-1
733913,2
324298,-1
286589,1
452072,-1
574560,2
582553,-1
387930,-1
106633,1
209318,-1
247440,0
645123,-1
632243,1
41005,1
510964,1
126015,2
925313,-1
946901,-1
645629,1
568781,0
966168,-1
164600,2
76245,2
54719,2
7509,-1
434728,2
68985,1
889229,-1
617853,1
230037,0
598028,-1
934017,1
204685,-1
275992,2
365621,-1
71091,0
972408,2
109470,2
79549,1
362284,-1
87027,2
7240,1
703452,-1
145197,0
1945,-1
712767,-1
511943,2
228503,2
675038,0
850882,-1
157092,2
993050,1
190667,-1
56081,2
320095,1
124432,1
929212,-1
770494,1
759292,0
726964,0
355876,0
932500,-1
251875,-1
147687,2
124352,1
567215,-1
47328,2
384546,-1
714132,1
744069,-1
904328,1
174271,-1
946120,-1
340483,2
280836,-1
44911,-1
438926,-1
502640,-1
613771,-1
295236,0
651182,-1
113815,2
70411,2
770580,2
425733,1
952906,1
859485,2
567060,-1
533881,0
470525,-1
848469,-1
568784,1
877185,1
168726,1
587093,1
987387,2
342669,-1
725378,1
487075,1
344476,-1
332836,-1
767844,-1
262960,1
71648,-1
529828,2
980495,-1
389168,1
981338,-1
795799,-1
976940,-1
96321,-1
41753,0
194110,-1
504128,1
780124,2
356023,-1
398872,-1
345019,2
776169,1
359849,1
311294,-1
618627,1
155605,1
397357,1
880594,0
282389,-1
8701,-1
646950,1
701935,1
867236,2
169205,1
677356,1
551956,2
239983,-1
829555,2
90918,1
604275,1
172579,1
9475,1
924591,-1
676803,0
715117,-1
795553,-1
672587,2
273880,1
29004,0
596291,2
594134,2
684013,-1
262766,-1
332492,-1
33218,0
511329,0
626443,1
76165,2
210055,0
145456,-1
131138,0
864046,0
226831,-1
641620,-1
121792,2
593310,2
998283,1
366049,2
790955,-1
484959,0
518884,1
444593,0
285948,2
262411,1
544648,2
181962,1
29667,-1
101815,-1
484679,2
165310,1
991755,-1
753084,1
645827,-1
797101,1
652094,2
415350,2
988696,1
254341,0
619928,-1
733556,1
874389,2
889535,2
18492,2
212156,1
446936,2
99337,1
366122,2
857685,-1
752290,1
784519,2
841029,2
818114,1
391759,-1
218217,2
514458,2
725621,2
277280,1
960351,1
497022,1
673763,2
576817,1
113307,1
623916,2
650738,-1
647394,-1
764007,2
732898,1
391659,1
175838,1
467890,-1
648786,0
192616,-1
280107,2
231690,2
760479,-1
220087,-1
27968,2
435534,0
906542,-1
682632,2
807456,1
985511,0
531101,2
405436,-1
477213,1
440967,2
334834,0
906815,0
478680,1
184856,-1
527493,-1
562159,-1
244745,1
642003,2
357986,2
46480,-1
49925,2
979680,-1
662792,2
75837,1
943024,0
576033,1
345642,-1
634597,1
743366,1
573632,-1
292228,0
843750,2
510205,2
709542,1
228488,-1
922831,-1
579403,-1
395851,2
440675,-1
714011,-1
679588,-1
154261,-1
701991,1
78214,-1
807282,1
668050,2
734739,1
385189,1
413920,-1
651019,-1
255286,2
258396,0
931784,2
79989,1
628610,2
439993,-1
898414,-1
681341,2
150769,1
710936,1
616628,1
811994,-1
556747,2
843257,2
99188,2
427006,-1
97899,2
706552,2
717134,2
920814,2
583327,-1
738594,-1
506262,1
63123,-1
929360,2
741854,-1
305707,0
837793,-1
742000,-1
918334,2
956244,-1
493656,1
155104,2
598173,1
693350,2
858955,2
648396,-1
381704,-1
761694,2
880806,1
227080,2
623268,0
983828,-1
802279,-1
987980,1
211241,2
265042,1
174321,-1
461455,-1
399200,1
52238,1
619713,1
219773,2
276473,-1
868018,2
758458,2
929280,-1
589155,1
266361,1
914494,-1
560119,2
486451,2
881623,1
219667,2
380317,0
221371,1
37074,1
713540,-1
548241,-1
611865,-1
987116,2
322192,2
216069,-1
629946,-1
13575,1
811195,-1
265187,1
664758,0
682704,-1
403445,2
254631,-1
616375,1
772787,2
964612,0
126727,1
804398,0
904502,2
771068,-1
996118,-1
48173,-1
210227,-1
236789,-1
70995,2
706649,2
785152,2
905971,1
895249,1
637993,2
626143,1
181536,2
462251,1
146057,0
186483,1
955391,1
627421,-1
677657,1
109807,-1
2354,1
596661,2
697797,2
449687,0
89035,1
934819,1
474445,-1
499061,-1
222175,0
816137,2
958446,1
451394,-1
988130,0
39619,-1
531092,2
970953,1
6685,1
57260,1
339478,1
854673,2
391664,0
105187,1
489312,2
605384,-1
345792,2
498080,1
442883,2
366507,0
268424,-1
548053,2
816356,1
319790,2
406053,2
749147,-1
860970,1
848457,0
163149,2
133966,-1
800062,0
702964,2
44870,2
370116,2
264,1
691694,1
386234,-1
622990,-1
761421,-1
550240,1
18557,0
880977,1
900311,-1
290640,0
834981,-1
805937,-1
5660,-1
937229,2
602273,-1
756623,-1
314251,1
859126,1
625840,1
628722,2
31683,2
637301,-1
861106,1
962504,1
413768,0
509887,2
252731,-1
795288,1
710479,0
174945,1
579830,-1
229717,2
144271,2
379189,2
290199,1
200446,-1
128390,-1
699939,0
108841,1
312441,1
864148,-1
950584,2
961196,-1
685323,2
805401,2
698939,1
814000,1
58299,1
23273,1
995061,0
676193,2
546056,2
655182,2
69773,-1
587608,2
17138,2
280642,-1
371093,1
779346,-1
818106,-1
318382,1
767509,-1
777623,1
107387,1
130632,-1
187272,-1
566063,1
286832,-1
63870,2
128230,1
197323,-1
716749,-1
957299,1
274019,1
203658,-1
191203,-1
267003,1
716822,-1
375666,1
823132,1
377725,1
18572,1
356855,-1
105902,2
827866,2
478653,-1
349139,2
68048,2
635269,0
363713,-1
87799,1
915713,-1
609213,0
1868,2
777800,1
574642,-1
858064,1
638221,-1
480115,0
596549,2
573227,1
667910,-1
269505,0
681429,2
980390,1
904230,1
261374,-1
889016,-1
1873,-1
427871,-1
574530,1
602979,1
347948,2
282595,-1
412481,2
380725,1
63535,1
734774,2
179529,1
633917,1
894682,2
158195,1
763806,2
848639,1
194609,2
865198,1
565875,-1
496725,2
953477,-1
630968,-1
737186,1
526033,1
404501,2
558384,1
904548,2
328893,1
455263,0
411075,2
370060,1
116665,-1
432933,1
608567,1
908282,1
66979,-1
599838,-1
543212,-1
885689,1
443882,1
876929,0
887643,2
624540,2
34911,-1
580022,-1
198211,-1
630440,-1
542738,-1
871903,1
716228,-1
406230,1
668064,0
314274,1
257686,-1
101227,1
25290,2
375891,1
34010,2
40365,0
853758,-1
788125,2
213338,0
180139,2
55654,0
834951,2
627875,2
251339,2
440126,1
272326,1
644600,0
398471,1
802594,1
573749,-1
52505,2
434584,-1
438631,2
427939,2
915148,2
860272,2
368060,1
774835,1
354242,2
570617,0
70495,0
135174,-1
682907,2
372076,2
367591,0
815570,2
629181,1
829720,-1
221249,2
819991,1
237193,2
541924,1
27354,-1
91111,-1
182572,-1
84978,2
353319,2
760882,2
166329,2
640783,0
328610,-1
7783,0
610090,1
880345,-1
259391,-1
254046,-1
483168,1
634613,2
794011,-1
864337,1
804186,1
188819,-1
133114,1
302105,1
879752,2
536387,2
193423,1
657857,-1
380045,1
594314,1
570237,1
670097,1
918209,2
837336,0
74832,1
599202,2
345439,0
597691,-1
623359,2
154926,0
543345,1
47506,0
968726,-1
417810,0
143490,1
378655,2
946596,1
35342,-1
622888,-1
832165,1
192832,1
97549,1
495487,1
766048,2
939033,1
138800,0
228761,0
574754,1
626985,2
433348,-1
192355,-1
963107,-1
999981,-1
617958,-1
952959,2
959362,1
192609,1
66246,0
358555,2
813493,-1
382756,-1
199914,-1
266290,-1
553116,-1
993994,0
660130,1
589516,-1
46337,1
514759,-1
162622,0
644185,-1
739106,0
971561,0
659698,1
151215,1
416432,0
769917,-1
788844,1
492700,1
425952,-1
235477,2
527302,-1
958454,-1
602185,2
532355,-1
421607,0
479614,2
438859,-1
543088,-1
462257,2
590371,-1
10969,0
589424,-1
464478,0
429596,0
798448,1
23909,1
376272,1
923193,0
823747,1
457355,1
347052,0
66502,-1
299715,2
312547,-1
826591,1
230066,0
907342,2
185909,2
964603,1
652858,-1
673484,1
659850,1
325061,-1
91808,1
123801,2
513943,2
860175,1
815056,1
486326,2
855450,-1
240653,-1
757775,-1
650557,0
610842,1
399725,2
348551,2
83045,2
70637,1
237678,1
222133,1
865701,0
68152,2
767679,0
389088,-1
575093,2
755276,1
125235,2
117833,0
850199,1
665252,1
354103,0
85482,1
96215,-1
420392,-1
836749,-1
96112,2
442655,1
493632,-1
250104,1
431638,2
260943,-1
28195,-1
228403,1
434759,2
609858,1
726626,1
836744,0
387382,2
566453,2
43761,0
815572,1
127076,1
350807,1
37942,2
367769,1
374290,0
181464,2
806379,-1
61948,-1
531906,2
658791,1
322278,2
901920,1
963328,0
405596,1
11922,-1
74085,2
616402,1
280716,2
798339,2
133412,1
739578,-1
480835,0
529150,2
174969,2
278166,0
773548,-1
737855,1
410542,2
211669,0
423622,2
708256,1
448983,0
186031,1
169019,-1
101779,2
650180,-1
926550,-1
138491,1
391450,2
934166,0
697839,-1
720023,1
971780,-1
748213,1
926054,2
308665,-1
210959,0
757381,2
519967,1
517695,1
828619,1
786684,-1
654141,2
26799,-1
291929,2
482170,-1
853745,2
300939,1
510814,2
167713,2
265139,-1
155267,0
228872,1
384335,1
813193,-1
38282,2
183876,-1
720812,1
109534,0
259492,1
246290,-1
763749,1
642286,-1
867952,2
8216,2
320110,1
21464,1
310567,-1
615005,-1
53859,1
297063,2
264190,2
443998,-1
757742,0
754862,2
725854,-1
890956,-1
321055,2
634254,0
235754,2
558955,2
65287,1
484377,1
10455,-1
286352,-1
113454,1
461270,2
488570,1
887186,2
758368,-1
814188,1
8804,-1
919559,2
902551,2
836655,1
259266,1
843290,1
89878,0
177737,2
709915,1
538854,1
916160,2
226541,1
138347,-1
189907,1
835957,2
2453,-1
288234,2
892628,2
347594,-1
235588,-1
468709,-1
475853,1
508767,1
141974,-1
505807,0
966179,2
800564,2
897987,0
566665,1
31082,1
893407,1
497793,1
271869,0
952902,1
249204,2
425573,-1
857643,2
970991,0
820814,1
771165,2
522475,0
134378,0
208843,2
781292,2
488788,0
56755,1
677231,1
430403,-1
492666,1
690704,0
86820,2
729700,2
910595,1
627411,-1
544675,2
236936,2
707145,-1
723320,2
534852,1
585851,2
789872,1
489844,-1
626956,2
520654,1
466279,-1
615839,2
340614,1
578623,-1
986836,2
699946,0
491981,2
302985,-1
821321,2
872096,2
83112,0
916902,2
74318,2
41781,0
108426,2
540514,-1
350015,0
504130,0
569630,-1
48076,-1
582428,-1
678581,0
933542,2
204455,2
483251,2
101551,1
596456,-1
98551,1
136985,-1
378502,2
661017,1
631081,0
397495,2
429301,1
653053,2
873776,-1
85162,0
721865,-1
142098,2
957871,1
885270,2
63750,-1
258944,1
86728,2
70534,1
790364,1
643306,-1
298528,-1
240070,1
445578,1
678471,-1
112618,2
838761,-1
604353,1
355764,2
829347,0
157025,2
528161,-1
439782,2
412030,2
764877,2
53914,0
197159,0
87861,-1
626983,1
852887,1
130659,1
532269,0
721124,-1
207930,2
555759,2
971279,-1
303159,1
507693,0
465871,1
934290,0
182683,-1
825197,-1
436717,-1
866022,1
113016,-1
244750,2
502527,-1
162559,0
463464,-1
763405,0
18702,1
238567,1
704788,1
651389,-1
744950,2
129143,2
384556,2
76106,1
256890,2
520293,1
889555,1
746129,0
427951,2
731007,-1
429288,0
20860,1
993045,-1
176478,1
895762,0
569333,1
212305,-1
725658,1
728982,1
933352,1
484356,1
255786,2
829635,1
334593,2
188684,1
815072,2
442122,1
36020,2
421230,0
627623,1
980821,-1
781008,1
645631,-1
163845,-1
949415,2
284280,-1
961923,-1
138561,2
935550,2
832262,0
712116,2
713337,-1
784039,2
702165,0
738465,1
132050,1
499967,0
367567,2
623626,2
825528,1
375901,1
810713,-1
712277,0
102007,1
187527,-1
378155,2
634492,1
675346,1
901159,0
466180,1
915897,2
804521,1
145454,2
178673,2
617471,1
875322,-1
129150,-1
622678,2
21744,1
704991,2
519115,2
380592,2
268542,1
291316,2
338268,-1
239293,2
531330,2
300066,1
50540,1
113908,1
585990,2
752092,-1
79291,1
347916,1
864940,-1
7787,1
629207,2
575917,1
432436,-1
597885,0
173756,1
867822,2
278415,1
528119,2
118755,-1
356576,-1
748080,-1
51429,1
698409,1
388085,-1
307283,2
704405,-1
812733,-1
717339,2
293579,0
406738,-1
228132,0
286368,1
577734,2
135143,2
620854,-1
369683,-1
323400,0
417301,1
436059,2
721249,2
773767,2
333656,-1
568768,2
43272,2
938568,2
172948,1
983276,1
803312,1
76720,-1
511620,2
512613,-1
984860,2
95573,1
850914,1
482213,-1
269621,-1
193531,1
595368,2
107866,2
469303,0
818727,-1
635858,2
965686,0
299643,1
624867,0
304109,-1
88015,2
26930,1
764165,-1
830407,1
533945,2
832256,-1
730474,2
142120,0
52465,1
970804,0
415836,2
605423,-1
472333,-1
248830,-1
47690,2
816723,-1
278217,1
204745,2
100347,1
17989,-1
385330,-1
659215,1
575962,2
41877,1
147107,-1
12509,-1
873931,0
961460,2
991948,2
882799,2
597075,-1
397560,2
922131,1
516390,-1
36679,2
355749,2
111961,1
333377,2
519677,1
292196,-1
200571,0
532693,1
696374,2
36398,1
963871,2
760952,0
507103,2
243383,1
51662,-1
788143,1
193781,2
102407,1
76051,-1
41988,1
29210,1
733080,-1
985373,-1
872691,0
49560,-1
198799,-1
601351,0
767895,-1
88166,2
272120,2
761653,-1
439734,2
225986,2
271947,1
20794,0
172350,-1
93349,0
207577,2
193393,2
919838,-1
303267,-1
215238,-1
753001,2
860932,1
731781,0
772579,-1
945782,-1
565594,-1
668399,-1
187894,2
24733,1
127237,0
57546,-1
813037,0
365946,2
486202,-1
226177,1
83339,1
475772,1
733562,1
672377,-1
325473,-1
960228,2
338453,-1
303865,1
984308,0
176390,0
110266,-1
723823,-1
713426,1
65837,1
959568,1
259915,2
414319,2
734239,1
951585,1
991551,-1
538053,0
159032,-1
760242,1
511303,-1
205139,-1
713411,2
404299,-1
520934,-1
962258,1
589683,1
879487,1
595853,-1
893537,1
510701,0
506168,-1
935401,2
172217,1
107737,2
843898,1
75963,2
792583,1
788850,0
171453,0
721682,2
504393,-1
457122,2
967876,-1
778564,-1
384288,-1
918649,2
932202,1
596826,2
533476,2
510491,1
542316,1
994967,1
19929,-1
600094,2
415619,2
954438,1
68040,1
621500,0
219085,1
511936,1
24310,2
92102,2
606534,2
71316,2
680063,1
322709,0
489062,1
508651,1
727703,1
4932,2
962717,1
261801,-1
235490,2
526141,2
464597,1
402932,1
874966,2
38647,1
874952,2
45839,2
11704,-1
415601,1
62116,1
857982,0
270552,1
916824,-1
195763,1
580302,-1
746004,1
21524,2
756045,2
291523,-1
168193,-1
951740,-1
719914,1
221414,0
46653,0
682720,-1
358950,-1
287098,-1
98062,2
129794,1
881908,0
346851,2
420600,2
496637,-1
184565,2
806189,-1
309088,-1
377531,2
767728,1
366827,-1
268773,2
434121,0
416182,-1
768348,2
451039,-1
141243,0
400389,1
984894,2
844684,-1
413599,-1
366303,-1
934357,-1
710000,2
76567,1
273418,-1
169343,-1
158615,0
568416,2
529243,1
951670,1
163851,2
111020,0
222806,1
504194,1
403341,2
409964,1
164886,-1
575926,0
50353,2
511508,2
824922,-1
306457,-1
791734,0
320087,1
389556,2
7867,2
266834,1
297246,2
972720,1
832558,-1
973815,1
121239,2
173190,-1
347349,2
801067,2
554970,2
942489,-1
318547,-1
433231,2
214255,1
964352,2
296345,2
369301,-1
786938,1
248151,-1
706539,1
243277,0
1848,2
988928,2
829412,1
876162,1
983975,1
920807,1
857409,1
642964,-1
740115,2
287561,0
65414,1
115578,2
996029,-1
530221,1
390917,1
879745,-1
664859,-1
29179,1
329827,2
76057,1
815249,1
516224,2
879490,-1
870513,-1
447999,-1
282117,1
551584,-1
896735,0
378299,1
362462,1
817340,2
339234,2
384300,1
372535,1
481501,2
22762,0
485119,1
960924,1
1286,-1
484608,2
96406,-1
119877,1
704187,-1
639303,-1
226794,2
466728,2
267290,1
197811,-1
192879,1
541183,-1
268167,-1
222652,2
389701,-1
778178,2
899742,-1
611148,1
412287,2
154379,-1
337433,2
4992,1
952134,2
614950,-1
433589,2
431329,2
973104,2
345041,2
9154,0
159443,1
328167,2
410690,1
560172,0
475421,1
693871,2
765176,1
473084,1
948517,1
614570,1
240361,2
179722,-1
221023,2
147626,-1
82010,0
660216,2
954078,2
201149,-1
362596,0
306287,1
480623,1
83287,2
860488,1
659668,0
443467,1
401669,0
605414,-1
411340,1
6215,-1
34173,-1
927611,-1
417370,1
829063,1
955137,2
974180,0
513478,2
63637,2
3608,2
143481,-1
279637,2
12633,-1
91354,2
456539,-1
103459,-1
724466,0
917465,2
677645,2
625671,2
368134,-1
418287,-1
830297,-1
850990,2
99241,2
713539,0
776332,2
611692,-1
378145,-1
692646,-1
551222,0
41841,1
676647,2
964118,2
829668,1
416481,0
585188,1
119077,-1
122135,2
541838,-1
176060,-1
864487,1
751214,-1
219125,-1
660479,-1
490868,-1
826967,2
129768,-1
750892,-1
720402,0
453224,-1
704902,1
796499,-1
533138,2
751954,1
654466,-1
379806,1
584321,1
21580,2
628187,1
604103,-1
324896,-1
403714,1
679294,2
288757,1
885811,-1
87060,2
226855,2
208873,0
385795,-1
36354,2
231516,1
898881,0
439774,1
41702,-1
697039,2
118268,1
230412,-1
401943,2
317235,2
190442,0
324957,2
211902,-1
719624,2
422031,-1
941377,1
125441,0
242012,1
242306,2
342079,-1
656786,1
665159,1
449945,1
879883,-1
749307,0
66606,0
635824,-1
810058,-1
281353,1
708472,2
819973,-1
867318,2
608853,-1
972226,1
800498,2
793922,-1
198481,0
252111,-1
325911,1
485103,-1
672238,1
18275,1
144361,2
995474,-1
392717,-1
308265,1
39492,1
69444,2
12457,0
212664,1
816340,1
606236,2
194914,2
216293,-1
303599,1
343159,0
206331,1
524269,2
434114,2
86292,1
987282,1
562537,-1
404732,-1
764897,-1
816811,2
377492,0
46126,2
637184,2
432808,-1
314173,-1
515732,0
838114,-1
66701,-1
621746,2
266646,2
560557,1
793372,0
913750,-1
139199,-1
420137,2
292903,0
651987,2
157858,2
270569,2
362026,1
443999,0
588978,1
211628,-1
609004,0
482845,1
598339,1
943724,0
794232,1
272594,2
899087,0
429784,2
760840,2
28149,-1
808742,1
150908,0
768682,2
820329,1
173226,1
259838,2
368871,1
855825,-1
786513,0
156853,-1
789157,-1
5991,0
734105,-1
30992,1
467775,0
111368,1
973179,-1
861404,1
95859,2
640918,2
222268,1
715936,-1
615609,-1
964807,-1
950784,-1
754178,-1
897363,-1
389753,0
968374,1
610718,2
821120,2
792286,-1
306378,1
944027,1
672988,2
926873,-1
576218,-1
614007,1
548378,-1
768017,-1
654397,-1
235861,-1
391370,1
186071,2
824006,2
663965,2
823710,-1
378005,2
730502,1
314573,1
385871,-1
434233,1
802739,0
521973,0
875614,1
307688,-1
331041,1
901681,0
465021,0
247820,1
203128,1
229310,1
227668,2
970187,0
948579,0
240077,-1
792835,-1
541891,1
376905,-1
420718,0
462840,0
88860,1
83832,0
739920,0
787253,1
105649,-1
4602,0
765248,1
112884,1
732506,1
666883,2
539233,1
715698,-1
694079,1
6025,2
422546,1
926173,-1
303801,2
179173,-1
339152,1
225522,1
277373,-1
413184,-1
607498,-1
811297,2
72944,0
868808,2
668850,-1
394292,2
222476,2
571858,2
676920,-1
171213,0
231952,1
644763,0
711281,1
329512,2
351285,2
780051,-1
494771,2
276685,-1
458846,2
5049,2
966777,1
610678,-1
821446,0
987377,1
766106,2
169484,2
260149,1
593061,1
734995,0
209613,-1
626252,2
667510,-1
743735,2
805447,2
323315,-1
568282,-1
637648,-1
84755,2
755282,2
704830,1
396421,1
479893,1
959482,-1
970686,2
221268,1
144987,2
937007,-1
325308,1
550486,1
583351,0
737106,-1
6394,1
867691,1
786510,2
157931,-1
532896,2
826598,0
799476,-1
776730,2
880076,-1
278774,-1
144722,2
821217,2
457259,1
39408,-1
464147,1
693720,1
401381,1
382649,2
327761,-1
999519,1
109855,1
139161,2
573474,0
276329,2
191012,2
338409,2
598434,2
318459,-1
285434,1
296356,-1
162435,-1
476311,-1
603693,1
909464,1
183481,1
749966,-1
642063,-1
191936,1
516300,1
201656,1
689131,-1
210664,0
715905,-1
546018,1
316131,1
780104,1
941293,2
966698,-1
331959,2
675148,2
495010,0
785573,0
992003,-1
292482,2
316399,0
207963,2
915900,1
656892,-1
295105,0
36492,1
597849,2
473441,2
576935,2
840716,2
777967,2
974517,1
832211,1
423131,-1
836914,2
82167,1
969815,-1
804703,2
457817,2
685085,0
646257,0
624130,1
582559,-1
423169,0
657337,-1
88960,1
269970,1
105374,1
482268,1
782859,-1
592629,2
336497,1
57312,1
402798,1
324231,-1
58998,2
922240,-1
724277,1
122922,1
592514,2
77165,-1
468630,2
621373,2
398635,2
559697,-1
214414,2
619976,2
455298,0
660578,-1
643036,0
913457,-1
287368,2
813930,-1
307025,-1
551415,-1
689333,-1
611269,1
935392,2
897868,1
236645,-1
77481,2
618553,-1
633595,-1
655062,-1
699074,2
195308,-1
595210,2
945743,0
191854,1
987819,-1
397016,1
308507,1
43551,1
240695,0
286168,-1
915509,2
869683,1
295238,0
273952,2
584394,2
195900,0
715663,2
851063,1
393719,1
285491,1
474768,2
988237,2
422929,0
531642,2
245695,2
879694,-1
420847,2
442565,2
232430,-1
398214,2
394365,-1
426338,2
330020,2
785007,-1
972338,2
942593,0
961346,-1
764846,1
669522,0
319959,0
181107,1
408404,2
523048,-1
101999,-1
172983,1
671524,1
849739,-1
346827,-1
476615,1
895125,-1
92275,-1
784034,2
463466,-1
541545,-1
229217,1
486638,1
318073,-1
238027,1
123946,-1
926635,1
957341,2
331416,1
912415,-1
737710,-1
123939,1
197071,1
355991,1
939791,0
35780,-1
238540,-1
578043,0
559830,2
663080,-1
637989,1
609853,-1
688250,2
573526,-1
122197,1
698843,-1
978695,1
276003,2
180966,0
640355,1
528396,-1
838575,-1
224086,-1
25107,1
941017,1
83294,0
488157,1
280143,2
234739,2
580721,2
907765,1
556068,1
212700,1
353721,2
675982,1
339284,2
191301,2
168885,1
732303,2
793043,0
699639,-1
312517,0
352208,1
266989,2
901063,-1
675882,-1
320560,2
245351,-1
522325,1
703585,1
641049,1
45110,2
414797,2
269667,-1
242813,-1
367599,-1
654104,1
894232,-1
287449,0
573969,-1
573083,2
543358,2
672556,-1
761778,2
790474,0
576012,2
391509,-1
766952,-1
37858,2
703952,-1
840146,-1
317102,2
663313,1
350256,2
302864,2
950748,2
559829,2
316929,0
885671,1
926884,1
151033,2
956089,1
578319,1
502372,1
55085,-1
844569,1
657020,2
327419,1
774068,2
215327,2
53274,2
165384,-1
216655,2
895964,0
658815,2
392139,1
303725,-1
95260,1
29266,1
941438,-1
786762,1
687815,-1
58178,-1
892211,1
38872,1
6715,1
115420,-1
564035,-1
655450,-1
536531,-1
558684,-1
521553,1
702061,0
270836,1
579324,0
186889,-1
813889,2
864478,1
879657,-1
748146,2
273325,-1
52520,-1
620251,2
967986,1
255772,2
124459,-1
778658,1
730026,1
524315,-1
808795,-1
410560,2
736913,2
585868,2
860621,0
911013,-1
350251,2
583294,2
237397,2
810871,-1
302920,0
826197,-1
552138,2
948170,1
734002,1
381149,1
87066,-1
393025,2
242100,0
73720,0
248576,2
757481,-1
949825,2
122392,-1
454520,-1
246599,2
587755,0
696011,1
702158,1
577157,2
779146,-1
361064,2
568478,2
293138,-1
886852,1
641390,1
309204,-1
861978,2
65678,-1
37161,2
44459,-1
212306,-1
15931,2
839468,1
206409,1
80465,0
902010,-1
184219,1
45607,-1
337771,1
89645,0
414134,2
357355,-1
783782,-1
537334,1
818133,0
314957,2
793240,2
903549,2
505388,1
903516,1
830608,1
708649,0
699265,-1
199279,0
423050,1
84479,2
692437,1
511157,2
134111,-1
457774,2
444789,2
28139,0
532892,2
896668,-1
807831,2
566437,-1
122276,1
330625,1
459982,0
37020,2
248792,2
67871,-1
818267,1
899530,1
598012,0
105391,-1
734981,-1
194458,1
525857,1
299185,1
303968,1
623420,1
491902,-1
405671,-1
283285,2
314315,2
342649,2
811594,0
877953,1
250020,2
482420,2
811970,-1
410045,1
768287,1
10140,2
381026,1
824589,0
566239,1
168376,0
925405,0
175224,2
761939,1
701364,2
634818,-1
691110,2
386807,-1
885006,0
486755,-1
335914,2
961423,-1
48070,1
86376,0
857017,1
70184,2
808139,1
348386,-1
924242,0
686843,-1
49160,1
302490,-1
183669,0
945556,-1
664348,1
556462,0
643411,2
428375,1
855864,1
566490,-1
830535,2
382,2
373785,-1
734921,-1
171713,0
556800,2
88973,2
658337,-1
4709,1
877084,1
445620,1
270537,1
703375,-1
46873,2
899754,1
795861,1
812551,-1
535591,2
80055,-1
570775,-1
607294,1
346257,-1
834872,1
214043,2
613413,-1
1960,-1
591346,2
716050,1
449744,0
746121,0
576177,-1
742262,1
603256,1
995594,-1
491003,1
258024,1
132811,2
739061,2
515952,1
622935,2
448716,-1
357570,-1
459647,1
694067,2
342342,0
458106,2
943571,-1
592617,2
847809,1
676499,-1
393921,1
307201,2
814178,2
33055,0
316616,-1
246745,-1
28308,2
793207,2
334667,1
805610,2
747215,1
124201,0
360821,0
461119,2
301741,1
491775,1
930852,-1
208706,1
54869,2
62066,-1
10993,-1
629210,2
483522,-1
810782,2
801097,0
117955,-1
857587,1
756775,1
886329,-1
629213,2
130697,2
412538,2
34139,0
149935,1
813785,2
74650,1
465837,0
353152,-1
331104,2
56069,1
723413,0
243069,2
482844,-1
516277,2
634035,2
331193,0
474759,2
488620,1
839352,0
391234,1
313648,1
659109,0
662221,1
296437,-1
193971,-1
787920,0
535511,2
769581,-1
349431,1
929265,2
795123,-1
155398,0
725497,0
235678,0
369892,-1
989976,-1
685160,1
345451,2
875429,1
588854,1
398409,1
142668,1
868078,2
449764,1
194389,-1
465891,1
861701,-1
668682,1
859322,0
397319,0
662170,2
447574,1
550614,2
434903,-1
939644,2
629964,2
822224,-1
372060,1
575133,2
996535,2
627536,-1
773818,0
943559,-1
910094,-1
40552,0
949845,-1
893456,-1
799680,1
478024,2
249709,-1
815643,1
10542,-1
313029,2
551318,1
682768,2
541054,2
921977,1
40585,1
2551,-1
3449,1
306708,0
33638,1
340490,0
371368,2
403307,2
443723,1
917808,-1
109773,0
964844,1
875387,2
807641,-1
190559,1
929097,0
216996,2
305367,2
560286,-1
643108,2
991972,1
65425,1
336322,-1
126840,1
66121,-1
619287,-1
124378,2
587313,-1
447439,2
699344,2
700265,0
201084,2
787460,0
772476,-1
999493,0
649075,-1
754715,0
20118,-1
606310,-1
629888,-1
138102,2
966636,1
260253,-1
837801,1
411449,0
46829,2
422748,-1
703922,2
329328,-1
604545,2
194969,1
386862,1
778479,2
25665,2
587685,1
154455,-1
810205,2
429754,1
497142,1
332117,1
689977,2
15344,2
348067,1
445232,0
110434,0
23501,2
745898,-1
348993,-1
86112,-1
847851,1
609103,1
839077,1
257291,-1
529894,1
589853,1
916547,-1
479855,-1
715783,2
764927,2
784447,1
862004,0
788502,2
905470,1
59972,2
558929,2
749131,2
33039,2
692983,2
456800,-1
167743,2
206677,-1
76347,1
975857,0
900572,1
776019,2
315754,-1
618247,1
854472,0
767416,-1
824297,0
226628,2
384950,2
470743,2
628227,0
569901,1
183605,-1
39796,-1
967810,1
842975,-1
829262,1
43283,-1
263778,-1
544747,-1
160865,1
870306,1
317941,1
242541,-1
264786,2
502689,0
175518,1
966995,1
58075,2
936594,2
945413,2
956383,0
796714,1
994587,1
855668,-1
632029,1
99436,-1
498187,1
459281,-1
314913,1
343021,2
761759,1
9180,-1
118420,2
144978,1
259239,1
597539,1
803311,-1
678530,-1
738379,-1
784916,2
723261,2
520511,1
318150,2
347280,1
658258,1
834309,2
742929,0
957353,2
892508,-1
629115,-1
45783,0
374554,2
533692,2
239498,1
31211,0
236762,0
499387,0
372368,1
264138,2
76328,0
114951,2
814831,1
268297,-1
87226,1
145525,2
742467,1
733277,1
556429,-1
984662,2
863695,2
718856,1
556202,-1
458662,0
4008,2
65794,0
308686,2
77619,1
986237,1
536921,1
327880,1
519276,0
344602,1
369696,-1
183392,0
21776,2
103782,1
395442,2
528923,-1
203021,2
210803,1
244909,1
201132,-1
333838,1
242928,1
549548,0
971087,-1
198173,1
507787,0
744350,2
989276,1
464956,1
825104,1
893902,2
790917,0
939067,-1
44875,2
725908,2
162327,-1
857432,-1
512973,1
665155,2
481258,1
101492,-1
282384,1
563804,-1
380930,-1
63274,2
796774,1
642040,0
500526,2
671048,-1
486218,0
511422,1
165759,-1
645301,0
710223,1
990571,1
569637,2
721243,1
548509,2
274643,-1
695145,1
255777,2
593154,0
502769,-1
599372,0
579198,-1
174276,2
952316,2
146567,2
519007,1
497620,2
83071,2
316882,1
441233,-1
534393,1
313809,1
515011,2
53376,2
449332,2
358684,2
910878,1
683328,2
632209,-1
63394,1
258494,1
17146,0
113406,-1
791872,-1
30382,1
468651,1
807521,1
844696,2
37056,2
697676,0
108031,1
863487,1
550647,-1
872306,-1
368994,1
987129,-1
293586,1
659119,2
489550,2
688476,2
557113,1
458344,-1
343594,-1
423020,1
3462,2
256331,1
182779,-1
726997,2
839310,2
366691,2
793782,2
761451,1
529987,2
880139,1
907108,-1
95023,-1
340565,-1
313583,-1
91110,2
674536,0
725981,2
791988,1
10750,0
70886,-1
568043,-1
148204,1
955877,0
710384,-1
700357,0
403622,2
379890,-1
214790,2
673915,2
599658,1
514363,-1
12212,1
37585,-1
269742,-1
561455,2
233339,2
734564,2
152162,-1
652743,0
842866,2
829108,-1
427747,2
385763,1
867962,0
584277,-1
977469,-1
4565,2
596205,2
106146,1
194447,-1
935981,2
382689,1
877209,2
951367,2
886593,-1
413497,1
168716,2
779455,1
209806,-1
556990,1
55922,0
393562,2
980856,1
921808,2
463431,0
574520,-1
116121,0
43620,1
941858,1
977028,2
127189,-1
997627,2
146296,-1
68755,2
969351,1
666496,2
742828,1
594821,2
248163,2
212783,2
530408,-1
271077,0
29116,1
97327,1
103934,1
5281,-1
966764,2
833394,-1
769034,0
427885,-1
101015,1
135053,1
445073,0
594718,2
485337,-1
652031,1
295823,2
898107,2
621822,1
593768,1
724899,-1
87739,-1
830073,-1
142961,1
61106,-1
221043,-1
696913,-1
295268,1
753928,-1
649950,2
238297,2
265204,-1
19559,0
305511,2
992050,-1
346418,1
82564,-1
212312,-1
150821,1
680282,-1
711087,-1
883893,1
360801,0
578270,-1
788765,-1
684593,2
177297,-1
658714,1
946725,1
935871,1
453781,2
370318,1
702503,2
278400,1
944133,0
647470,2
475065,-1
592615,1
579070,2
134505,2
642708,1
167603,1
555272,1
743195,1
959807,0
217024,-1
443267,-1
397017,1
596814,1
533952,2
800696,0
112363,-1
988128,-1
759592,-1
684206,-1
159362,2
246328,2
304396,-1
54264,-1
908329,2
849716,2
424570,1
133226,2
624182,2
847038,2
534999,1
514432,-1
489534,1
417355,-1
714692,2
250868,-1
192977,-1
645212,1
903171,1
214224,2
332795,1
230188,0
957788,-1
102140,2
574414,-1
471592,1
782767,2
151657,1
324578,-1
999173,2
741669,2
934059,1
219327,1
640084,-1
865195,-1
577052,2
507163,1
408984,-1
639773,2
479385,2
169503,0
110462,-1
251179,1
969955,-1
933588,2
365700,1
267452,0
797195,1
280489,0
149414,1
942202,-1
603517,2
326443,-1
292224,0
521526,1
960021,2
806425,0
231162,1
568815,2
966665,0
360405,-1
495872,1
320667,-1
66860,1
581466,2
248539,-1
108857,-1
644838,1
474280,1
787055,-1
277933,-1
273967,2
556307,1
807648,-1
51870,1
94877,-1
116574,-1
399562,-1
730487,-1
951265,2
926505,2
170438,1
372720,1
591257,0
165101,2
152577,2
288444,1
57552,2
643771,0
958204,1
320134,1
210202,2
120685,1
326563,2
265061,-1
764221,-1
177961,0
106628,2
282903,-1
981255,-1
697050,0
699241,-1
646970,2
695251,0
832086,-1
152329,2
561889,-1
590212,2
914020,-1
675260,-1
307271,0
738307,-1
670025,1
140016,0
973171,-1
732909,1
153191,2
716583,2
422296,-1
293089,1
134300,2
892921,2
465699,1
609512,-1
580483,1
176298,-1
884073,2
172648,1
395722,2
351392,2
721553,0
681784,1
385663,-1
844602,0
888673,2
976202,-1
846688,-1
954728,1
618950,2
762599,2
539961,1
550361,2
407571,-1
656096,0
378318,-1
967793,-1
75392,1
177800,1
408225,-1
680118,2
297379,2
527068,1
434966,-1
900632,2
130158,1
341406,-1
522679,1
483207,2
221942,-1
587012,2
441095,-1
536195,0
43396,-1
991333,-1
542338,-1
966161,-1
209660,0
653577,1
357971,-1
407024,-1
94220,2
638817,-1
194215,1
856259,0
614917,-1
621121,1
278551,2
106543,-1
637263,2
868154,-1
928749,-1
311979,2
299209,1
838786,-1
740050,2
618306,-1
125116,-1
943217,1
556335,1
522328,-1
708449,2
76467,2
713495,-1
317157,0
874864,1
769447,2
723661,-1
169776,1
341817,-1
279315,1
56671,2
586033,-1
424489,0
670559,-1
813882,1
743424,1
998561,1
35843,1
148459,-1
141814,1
899926,1
66867,1
249425,2
827222,-1
933298,2
717876,2
76495,-1
170533,1
278,-1
614316,2
215952,-1
486044,2
565883,-1
333596,1
774118,1
759320,1
729321,1
734928,2
996973,2
263240,0
967543,1
88271,2
51682,-1
765829,-1
526501,1
538022,2
464819,0
743385,-1
352378,2
896685,2
344913,1
103328,2
317955,2
323535,1
884118,-1
907600,2
319388,2
94543,2
906238,-1
166594,-1
498008,2
20718,-1
137232,0
576299,-1
213588,2
745401,2
490678,-1
407623,-1
57607,1
874698,2
708834,-1
698181,-1
789444,0
846358,2
726457,-1
721486,2
85593,1
612031,-1
338459,2
11187,2
64779,2
257851,2
222681,0
85769,2
491695,-1
69652,1
978637,1
194315,0
842272,1
566358,2
836624,1
896889,-1
928128,1
32619,2
4454,0
300730,0
462746,-1
18230,2
762818,2
786587,2
709164,2
310079,0
300903,-1
311755,2
52324,1
756349,2
360063,1
679442,2
121576,1
491908,2
660702,0
728978,-1
849682,1
548683,-1
277746,1
912506,2
261231,-1
481398,1
529619,-1
864134,1
764226,0
257799,-1
366010,0
578643,2
857669,2
478994,1
673788,2
836471,1
5195,2
744071,2
819993,1
105033,0
577219,-1
451731,1
839701,2
873740,2
103273,-1
829729,0
687709,2
975580,2
992939,-1
755969,1
425274,0
449925,0
673834,1
242524,1
699239,1
964461,1
189638,1
440494,2
286814,-1
947754,0
611158,2
930418,-1
881582,0
321503,-1
978268,-1
90863,-1
461856,2
159752,1
893413,-1
97582,2
70433,1
54251,1
202195,1
410018,0
505784,-1
273223,-1
886247,1
938271,1
943867,2
131809,1
617622,-1
377222,2
477261,1
640045,1
965900,2
19444,-1
359565,1
608805,1
232495,2
123701,1
817217,-1
635161,0
247020,0
617451,2
938781,0
30759,2
705452,-1
349996,1
119394,-1
896443,2
719233,2
607289,-1
303795,1
123568,1
287032,1
914400,-1
24611,1
441152,1
100465,1
257636,2
587932,1
323729,-1
50830,1
599546,2
552116,1
878865,2
494211,2
803869,-1
882581,1
535734,1
995446,-1
318172,-1
51166,-1
801017,0
447285,-1
735991,1
100505,-1
72085,2
844827,0
204185,0
135358,2
265254,1
426503,2
226392,0
829793,-1
822833,0
613321,-1
789678,1
167452,1
134392,1
761645,1
265477,2
456308,-1
928781,1
488311,1
637257,1
398134,-1
291255,2
636686,1
691251,1
717856,-1
921344,-1
16525,-1
738565,-1
114799,1
64363,-1
349755,2
709627,1
896596,1
126674,1
20322,2
344127,-1
380343,1
431495,2
666836,1
979256,-1
522596,-1
922437,-1
936407,-1
177547,-1
854940,0
219086,-1
285478,2
376394,2
278668,-1
803944,-1
919590,2
671551,-1
944137,1
794925,-1
756835,0
485914,-1
60176,1
45335,2
155423,1
777221,2
302729,-1
270476,0
564907,1
868071,0
511137,1
765166,-1
686589,2
179460,1
979548,2
161158,-1
122086,-1
242717,0
820265,1
301262,-1
548778,2
50847,1
816109,1
529955,1
223003,-1
306003,1
670436,1
927913,-1
797806,2
518697,1
320211,1
312148,2
703919,2
951694,1
78201,2
178353,1
856674,2
88796,2
763171,1
961797,-1
331941,0
61059,2
228395,1
906839,0
796076,1
550181,2
584668,2
858574,1
397634,-1
774584,1
376780,1
571842,0
598952,1
251053,2
156160,2
209792,0
623700,2
386349,1
975607,2
710461,2
414286,-1
504386,2
615210,1
686504,0
201360,1
477876,-1
857523,1
65576,0
311290,0
354703,2
713717,-1
3484,-1
333986,-1
433077,1
987845,1
487343,-1
389631,2
349078,2
110116,1
853938,2
280471,2
528472,1
148108,1
344553,2
916759,-1
259516,1
961234,1
423634,-1
857805,2
397365,-1
857555,1
989563,2
288858,0
29623,1
296324,-1
195452,1
89006,-1
685999,2
953360,0
398016,2
23380,0
858247,1
251406,2
892567,-1
544308,2
736038,-1
788588,-1
422746,2
839256,-1
151320,-1
306785,-1
847300,-1
992698,0
659398,-1
147593,0
145217,1
223963,1
810561,-1
291291,1
703836,2
211575,2
238579,1
210624,1
819555,-1
558154,0
592357,1
276482,1
673932,1
995721,0
592147,1
773618,0
684165,2
350641,0
87764,2
272814,1
435767,2
62657,2
296443,0
263147,1
671827,0
928178,-1
467586,0
755440,-1
254496,-1
460932,2
147670,1
569718,1
643831,2
886969,-1
232075,-1
109532,-1
468568,-1
4936,-1
203154,1
27673,2
129667,1
98126,-1
279960,-1
417611,-1
179502,1
649846,0
972392,1
690263,1
844854,2
64801,2
725765,1
500151,-1
137665,-1
327170,2
737240,2
835581,-1
975161,1
76414,-1
957883,2
946476,1
933294,-1
854047,-1
117233,0
270551,1
65083,2
202684,2
64863,-1
390621,2
149562,0
292543,2
263451,2
40122,-1
573893,-1
774671,-1
879851,-1
86848,2
397160,-1
475194,2
637080,2
740039,2
925132,1
629995,1
687834,0
869772,0
762016,-1
926397,1
647788,0
562390,1
535086,1
424682,2
877815,2
696873,1
475889,2
31358,2
378750,-1
444206,0
608581,-1
728954,1
957113,2
801794,0
518225,0
358103,0
680249,-1
330131,2
639079,1
568837,2
674514,0
408712,1
751683,1
83788,1
870105,1
506017,0
990787,0
249793,0
500428,1
474046,-1
285709,1
738823,-1
713163,1
254402,0
784922,2
172957,2
152465,1
808051,1
485595,2
907857,2
976351,-1
890487,2
22342,-1
793794,0
397069,1
696234,1
446222,-1
421398,2
133429,-1
906252,2
414092,2
921186,2
73317,2
750866,1
404488,2
217262,2
82084,2
178765,1
856902,-1
128311,1
28674,-1
622104,-1
530054,2
381560,0
98355,1
740344,-1
138808,2
170089,-1
226215,-1
423833,1
369913,1
95896,2
97840,1
89084,-1
239009,1
366412,-1
851148,1
474593,-1
633845,2
51545,2
278633,-1
39361,0
221510,2
66321,2
66661,1
613615,2
942704,0
15587,2
353103,1
271735,1
159461,0
807877,1
934854,2
409387,0
203644,-1
635192,0
772176,1
227248,-1
319106,0
128668,1
731220,1
311826,1
808440,2
615105,1
723926,1
582734,1
520223,1
858352,2
606234,-1
276096,-1
254986,-1
381775,-1
592526,1
230347,-1
61228,-1
819339,1
995982,1
727863,-1
186751,2
964719,1
125624,0
344973,0
949789,-1
599330,1
265518,-1
298147,1
226325,2
239874,1
301650,-1
157290,1
345248,1
137668,0
387140,2
393316,0
940665,-1
206952,2
541428,-1
886796,-1
546374,1
922849,2
857364,-1
528773,2
348027,2
534413,-1
447525,0
607037,1
136714,2
698954,0
496231,1
112559,1
746719,1
56423,2
111610,-1
59106,2
324423,-1
903495,-1
522578,-1
330418,2
170036,-1
811734,-1
336133,2
61446,1
286684,2
86718,2
378434,2
95056,2
157217,0
678843,-1
131307,2
531053,2
947694,1
759959,2
976235,2
772212,2
869188,-1
7256,0
910026,2
970748,-1
960297,-1
487259,0
2648,-1
93493,0
320569,1
435902,-1
24812,-1
709950,1
191870,1
544288,2
599634,-1
948396,-1
628855,-1
219705,1
76369,2
209707,1
529193,-1
488505,-1
649995,-1
328227,0
734220,1
569724,0
617157,-1
835618,2
497694,-1
6641,1
791125,2
479666,1
232716,0
786460,0
492966,1
885363,0
346906,0
295934,-1
650486,2
958263,-1
939823,1
69802,-1
264749,-1
744004,-1
903111,1
464048,0
353129,-1
781817,-1
105244,2
899313,1
421940,-1
651955,0
966826,2
277192,1
557101,-1
16077,-1
788753,-1
636671,-1
209113,1
17873,2
263873,0
818047,1
274518,1
137245,1
210901,2
452172,1
814366,-1
212158,2
90901,-1
143454,0
761556,0
505773,-1
601972,0
74231,-1
815985,-1
481732,2
627871,1
594469,2
350756,2
269893,1
6511,-1
436306,2
780075,2
143536,0
635339,-1
904919,1
775083,2
201705,1
71322,0
718755,1
355397,2
7480,2
676361,2
27930,2
689435,2
6365,2
117872,1
303319,2
758069,-1
519052,2
173245,2
906749,2
9631,-1
186664,1
818801,1
610128,2
200984,-1
946451,2
588728,0
132012,-1
746803,1
684358,-1
180750,-1
997932,1
291282,1
865532,2
937154,-1
272540,0
28014,-1
54105,2
677318,2
142298,-1
546152,0
131990,1
930247,2
405814,-1
849259,2
970178,-1
775969,-1
251906,2
209894,2
82633,-1
216329,2
147245,-1
375068,-1
432029,-1
681008,1
985356,2
83642,-1
924379,2
474657,0
966145,-1
943890,1
226367,1
60192,2
893971,1
418543,1
13358,1
520619,0
321598,-1
741056,1
936461,-1
143146,-1
535965,-1
281202,1
165837,1
613580,1
446237,-1
897909,1
35072,0
334267,1
150295,-1
414005,2
691449,-1
586333,2
805955,1
994946,1
535234,-1
990339,2
245539,0
142285,-1
471258,-1
181421,1
804056,-1
250453,2
422794,-1
896160,2
493299,2
579107,1
853420,1
661565,0
373413,1
962094,0
41812,2
504594,1
507593,1
210061,2
287454,1
536194,0
814693,1
400723,1
397613,0
609991,1
343360,1
519580,1
631971,2
468411,2
239916,-1
937873,-1
562422,2
422498,1
88056,-1
370179,0
729780,1
758644,2
965567,2
327049,2
973414,-1
109041,0
457236,1
703005,1
666461,2
200379,1
800041,-1
645036,-1
888342,-1
308411,1
896890,2
346042,-1
211349,1
719119,1
599794,0
710238,0
654615,-1
744157,2
68991,0
62494,1
119981,0
858023,-1
470649,-1
824428,1
499614,-1
382254,1
927245,2
63744,1
175662,-1
808354,-1
859015,-1
22385,1
245056,2
237976,-1
884803,2
107153,-1
467496,-1
935108,-1
835385,-1
345228,-1
656751,0
64369,1
822812,1
893774,-1
300949,2
368266,-1
762993,1
364409,-1
165076,2
845006,2
482039,1
934736,0
964388,1
57305,-1
955294,1
64942,1
339722,-1
804326,1
196186,2
945210,1
910005,-1
256047,2
684487,2
596984,-1
100902,0
555448,-1
972459,1
925684,-1
331377,2
326789,-1
649869,1
447927,2
162757,0
121988,-1
876900,2
428436,2
980099,0
469400,-1
69303,-1
901450,2
469091,-1
107745,-1
759608,1
105104,-1
937094,1
505536,1
166852,2
955751,0
297133,-1
840457,-1
246498,0
453796,-1
752359,2
680137,0
651615,2
34294,2
566577,2
546774,-1
672130,2
180963,1
894127,2
818501,-1
57049,-1
480533,1
249370,0
175803,2
390055,-1
797992,-1
720945,-1
538702,-1
526631,0
233659,0
288602,2
810965,-1
111100,-1
528758,2
564829,2
538223,0
39918,0
128542,-1
110687,1
198596,1
64585,-1
586728,-1
223741,1
753397,0
290174,-1
542214,2
372837,2
288012,2
94780,-1
964126,2
869801,1
366133,1
702070,2
407850,2
681790,1
528548,1
830318,1
720943,2
355391,2
910133,2
644426,1
892393,2
147139,1
242092,2
337513,1
442543,-1
331242,2
697685,2
238142,2
639271,1
390876,2
892822,0
368716,1
391611,2
26366,1
830437,-1
213126,1
421994,1
585939,1
475433,-1
481193,2
388001,0
721285,2
395050,0
577469,-1
211607,1
574907,2
805807,1
661405,0
767832,1
851400,1
726350,-1
826614,-1
821952,1
468095,-1
225454,1
937705,1
346504,1
372790,1
715616,2
281080,1
361431,1
434867,-1
425309,1
698813,2
615023,0
641,1
937551,-1
133842,2
252814,1
575434,1
242013,1
206664,-1
399851,0
104630,0
237325,-1
814076,-1
438092,2
902087,2
845881,-1
93753,1
746802,1
545644,2
494858,1
744232,0
518375,2
673188,2
650394,0
579240,2
283548,0
964677,1
733088,-1
795451,1
189822,-1
554376,2
83587,2
77193,2
802848,-1
258627,1
665792,2
322201,-1
23535,1
630135,1
848949,-1
802178,-1
203862,2
239658,2
456223,0
586979,-1
474632,2
651329,1
889489,0
725388,2
477844,1
376894,-1
402248,2
310164,1
130849,2
374093,1
481749,-1
463808,1
288000,2
845217,0
757316,0
262230,1
167856,0
215975,1
182510,2
396184,0
449083,-1
627919,-1
944107,1
314291,-1
907344,2
380697,1
374602,2
568728,1
32358,1
358751,2
601169,1
563515,2
825374,1
401164,-1
269512,2
736903,0
665185,2
703493,2
649176,1
89747,-1
801434,0
750936,2
62996,0
197941,0
931726,1
999411,2
166179,2
415347,1
703334,1
535633,-1
848046,0
26885,-1
656503,1
876235,-1
253058,0
335901,-1
486930,2
519709,2
751553,-1
15916,0
876083,1
549489,1
484787,2
339205,2
293922,1
716370,-1
121979,-1
355364,0
652890,1
736209,-1
506571,1
874194,0
24852,-1
960566,0
932863,2
329246,1
339552,1
175017,1
605037,0
910328,0
379922,1
620027,-1
798220,1
378654,-1
90310,2
660044,-1
143190,2
350310,1
743542,1
66186,-1
772331,-1
205514,2
743938,1
534691,0
52110,0
179889,1
921175,-1
516392,2
967962,2
8838,1
192236,2
212983,0
203985,0
710768,2
524220,0
750797,1
964888,1
969489,2
178619,2
704138,0
132174,-1
46263,0
817449,1
870810,-1
233755,0
609080,2
981674,2
417942,1
992917,1
84796,2
346872,-1
631393,2
340881,2
216823,-1
182348,1
567946,1
141268,1
684612,2
687469,1
702863,-1
286035,1
284067,2
458157,0
834117,1
255010,-1
797499,2
646377,1
940776,1
195519,2
993798,2
364112,1
197836,0
245546,1
365759,1
896324,0
351010,-1
502504,2
332354,2
484950,-1
37265,2
202025,-1
886374,1
180486,2
687405,1
298447,2
9338,-1
982971,2
328782,2
208788,0
477780,-1
941588,2
576611,0
947570,1
997910,0
74986,-1
496365,0
502482,2
961810,-1
94242,2
183339,0
780613,-1
658499,-1
144485,1
485804,-1
265961,-1
974437,2
430035,-1
906357,1
327332,1
460921,1
493471,-1
16241,1
58712,1
816270,1
910551,-1
771337,1
573204,-1
367907,0
372518,1
639437,0
474666,-1
648482,2
143860,2
114275,-1
358451,1
576988,-1
346022,2
533375,0
887942,0
643526,2
435200,1
73621,1
430733,-1
187712,-1
216777,1
236330,-1
615817,-1
279661,2
515797,1
846929,2
927705,-1
337882,1
651214,2
751056,1
248125,2
659759,1
44797,1
798117,-1
638313,-1
204555,1
540417,1
352057,1
799088,0
934720,1
529609,0
358662,2
704245,0
932974,2
531048,1
71743,-1
767345,1
530839,2
815047,0
128752,0
39654,2
132905,0
116459,2
165532,-1
502758,-1
284295,-1
29769,-1
818671,2
201465,2
663088,1
184683,2
281280,1
496917,-1
229445,2
906993,-1
734003,-1
970888,1
75892,-1
829171,1
487955,0
127968,2
274632,-1
731069,2
221632,2
769168,-1
641285,-1
454883,2
821566,-1
314629,1
82988,0
696785,2
797805,2
525201,2
599152,1
466357,-1
191679,-1
777617,1
3581,2
176471,-1
188510,2
852019,2
687573,1
1499,1
687976,0
815050,-1
670948,-1
321255,1
683149,2
157906,1
723426,0
977979,2
693058,-1
917095,2
197950,2
812383,1
122505,0
913830,0
286098,1
76092,-1
544534,2
370160,0
527515,-1
617472,2
177127,2
173098,1
328325,-1
443275,1
662169,-1
745784,1
877890,2
129486,1
57431,-1
184494,2
653677,2
77414,-1
766841,1
340443,2
331063,1
560136,2
791454,1
804182,2
996054,1
997577,2
678955,2
146227,2
299148,2
964213,1
703910,1
651805,-1
360112,2
554929,-1
460850,-1
266567,-1
988459,-1
54960,2
262128,-1
390911,0
663234,-1
207607,1
166012,2
215025,-1
819232,0
738464,0
152114,2
812759,1
249602,-1
802862,2
713304,0
577367,-1
491349,2
652650,-1
967930,1
900531,-1
869994,-1
677812,2
576783,1
401607,2
935016,-1
743175,1
966359,0
208243,0
332009,2
486157,1
343615,1
462164,-1
407405,2
931719,1
642445,-1
940529,0
693850,1
846956,1
999669,-1
256463,-1
37534,0
930321,-1
495749,2
363368,0
482774,0
968706,2
984473,1
537348,0
511380,0
74611,0
714843,2
83398,-1
953071,-1
644182,-1
636836,-1
591233,2
479785,0
366080,1
86880,1
285987,0
560727,2
248082,2
53406,-1
152769,1
953075,-1
798231,0
596716,1
496433,2
68652,2
415102,-1
247580,0
739680,1
467608,2
120848,1
799462,-1
580292,-1
943835,-1
990402,2
955360,-1
947963,2
784748,1
502914,0
365296,2
158992,-1
471246,-1
345671,2
687199,-1
321723,2
174439,1
442391,0
750827,2
171801,-1
165677,1
563428,2
464821,2
116432,1
204331,-1
644706,-1
305351,2
731500,-1
17208,0
19337,-1
8755,-1
133797,2
255140,-1
627021,2
914045,1
763365,2
655183,2
773911,0
411123,2
125139,0
647348,1
335490,-1
660005,2
612647,0
53118,2
402290,2
954816,2
285572,-1
682172,1
229711,-1
17840,0
959088,-1
638708,1
940588,0
288271,1
961513,1
46205,1
27319,2
634943,2
895714,1
875167,1
78329,1
867455,-1
470892,2
